Name,Seq
Negative 1,QHP
Negative 2,GFGD
Negative 3,FMRF
Negative 4,GFAD
Negative 5,CPPLC
Negative 6,GFFFP
Negative 7,IEFFT
Negative 8,FPPWE
Negative 9,MAHSS
Negative 10,DSTNY
Negative 11,VDFFA
Negative 12,YSFGL
Negative 13,IEFFA
Negative 14,KIWRS
Negative 15,LPLRF
Negative 16,ACSAG
Negative 17,RYLPT
Negative 18,FITVH
Negative 19,MNTQL
Negative 20,HPVEI
Negative 21,ADLTR
Negative 22,MKDTE
Negative 23,MERQVL
Negative 24,VIYIFAR
Negative 25,AWLVTCP
Negative 26,DDKRRQI
Negative 27,AIVGRPRF
Negative 28,GCVLYPWC
Negative 29,APFSLATA
Negative 30,APANSVWS
Negative 31,YCSYTMEA
Negative 32,CFIRNCPP
Negative 33,TLTSFGEWR
Negative 34,CYIQNCLRV
Negative 35,MGGKWSKSS
Negative 36,EPFKISIHL
Negative 37,GDCPWKPWC
Negative 38,RCVCRRGVC
Negative 39,RCVCTRGFC
Negative 40,RKSAGKPKN
Negative 41,SVAGRAQGM
Negative 42,CFISDCAPG
Negative 43,ADSRKPIWI
Negative 44,AGLLDILGL
Negative 45,GLLKRIKTLL
Negative 46,QHWSLCHAPG
Negative 47,VTIGKEGTLT
Negative 48,QLTFTPNWGT
Negative 49,VETDKATVGF
Negative 50,AVGDDTPQLY
Negative 51,MSAWMSAGFS
Negative 52,GFRSPCPPFC
Negative 53,QNECPWKPWC
Negative 54,EQGVGGDDGL
Negative 55,ESECPWHPWC
Negative 56,APVPGLSPFR
Negative 57,MDSVSVNQIL
Negative 58,RLCIPYIIPC
Negative 59,KTCENLADTY
Negative 60,IDPKLLESLA
Negative 61,ARGPQLRLRF
Negative 62,QFRPSYQIPP
Negative 63,QFNEYGHMRF
Negative 64,VVGCPWQPWC
Negative 65,DNGEAGRAAR
Negative 66,SWANLNTFGR
Negative 67,QHWSHGWYPG
Negative 68,APASGFFGMR
Negative 69,TDVDHVFLRF
Negative 70,GPNPGFSPFR
Negative 71,ASLVTSFEEA
Negative 72,EAAELGKGHF
Negative 73,SLLSLIRKLIT
Negative 74,QPPGGSKVILF
Negative 75,MAAYLDPTGQY
Negative 76,SCSCKRNFLCC
Negative 77,MSHDLDPTGTY
Negative 78,DCQPCGHNVCC
Negative 79,FCTMIPIPRCY
Negative 80,QADPNAFYGLM
Negative 81,LTCYKGYRDTV
Negative 82,ILGTILGLLKSL
Negative 83,LNWGAILKHIIK
Negative 84,GPMEDPLEIIRI
Negative 85,DPCCGYRMCVPC
Negative 86,GLLDALSGILGL
Negative 87,GLLDGLLGTLGL
Negative 88,AAKEIAWIFHDN
Negative 89,DHLSHDVYSPRL
Negative 90,ERIGGEILCYIW
Negative 91,KIPAYPFPTPVY
Negative 92,MKAPSGAFLLSV
Negative 93,KYGQPLPGYTTK
Negative 94,MTIAVGKFTKDE
Negative 95,GFGMALKLLKKVL
Negative 96,FLPLIGRVLSGIL
Negative 97,FVQWFSKFLGRIL
Negative 98,SEQQAGRDVGGAL
Negative 99,FHGGSWYRFPWGY
Negative 100,YDPSPLQDFCIAD
Negative 101,DAQEKRQPWLPFG
Negative 102,FIGGIISFFKRLF
Negative 103,FLPLLFGAISHLL
Negative 104,FLSAITSILGKFF
Negative 105,HGVSGHGQHGVHG
Negative 106,FLPFLASLLSKVL
Negative 107,QVTIAEILLIIMR
Negative 108,FSGLSFGGKKEAS
Negative 109,MNREEMHCDVVKI
Negative 110,GPGGPAMEHFRWG
Negative 111,DELEAETQNVYAA
Negative 112,GRCCHPACGKNYSC
Negative 113,SCTTCVCTCSCCTT
Negative 114,SCNCVCGVCCSCSP
Negative 115,DLLGTLGNLPLPFI
Negative 116,IDWLKLGKMVMDVL
Negative 117,IDWKKLLDAAKQIL
Negative 118,VSDSQNSQDGLDPE
Negative 119,SGCCKHPACGKNRC
Negative 120,NLINFMEMIRYTIP
Negative 121,FDIMGLIKKVAGAL
Negative 122,NLYQFKEMIRYTIP
Negative 123,INLLKIAKGIIKSL
Negative 124,LRPAILVRVKGKGL
Negative 125,SADIVKKLWDNPAL
Negative 126,SVDMVMKGIKLWPL
Negative 127,INWLKLGKKVSAIL
Negative 128,FDVMGIIKKIAGAL
Negative 129,INWKGIAAMAKKLL
Negative 130,GKPFYPPPIYPEDM
Negative 131,SESEVPGMWFGPRL
Negative 132,FLPILINLIHKGLL
Negative 133,FFPIGVFCKIFKTC
Negative 134,NSDEQFDDYGYMRF
Negative 135,RDCGKMCEEETWKG
Negative 136,GILDAIKAIAKAAG
Negative 137,MSSRGLTTGSSNKY
Negative 138,FLEYHDVRVVLDFI
Negative 139,MNAAIFRFFFYFSA
Negative 140,MIIKTLKMSARKRN
Negative 141,NYMKPKLLYASNGGH
Negative 142,PSYKLHYFDLRAAGE
Negative 143,EEEDKKEDVGTVVGI
Negative 144,MTYQTAIDAVRELKA
Negative 145,ECCNPACGRHYSCGK
Negative 146,ALLHHGLNCAKGVLA
Negative 147,DASNAQKQHDVNFLL
Negative 148,DTLKSEKNADFKDLY
Negative 149,CCSQDCRVCIPCCPY
Negative 150,AADIFAKFKTSMEVK
Negative 151,CCQWPCSHGCIPCCY
Negative 152,DVIGPQAQVTLANQD
Negative 153,ATSGPMGWLPVFYRF
Negative 154,QVIAITGSASGIGAA
Negative 155,LNLKGLIKKVASLLN
Negative 156,ESIASFQGVLDGKYD
Negative 157,NIQIICCKHTPACCT
Negative 158,GLLGTLGNLLNGLGL
Negative 159,QVRYRQCYFNPISCF
Negative 160,ESGINLQGDATLANN
Negative 161,EQPGGDKVNLGYFTN
Negative 162,RPEEIGAGDQGHMFG
Negative 163,AGPSATTGVWFGPRL
Negative 164,IIGHLIKTALGMLGL
Negative 165,MNRVQFNHHHHHHPD
Negative 166,HPIQNLFQPSLVLDM
Negative 167,KRKCGLCKYRCCSGG
Negative 168,SKGKKANKDVELARG
Negative 169,LDSLSFSYNNFEEDD
Negative 170,NYQYSPPPPPKKKYY
Negative 171,MEHIYQYAWIIPFTP
Negative 172,TKPSDGNCTCIPIPS
Negative 173,MFTKKRIQLNRVKIE
Negative 174,WCASGCRKKRHGGCSC
Negative 175,GCCSLPPCAANNPDYC
Negative 176,FFFLPSLIGGLVSAIK
Negative 177,GLFDIVKKVVGAFGSL
Negative 178,ECCRYVDCRRGCTPCC
Negative 179,GCCSYPPCFATNSGYC
Negative 180,GRDGYIAQPENAVYAA
Negative 181,STDTQYFGPGTRLTVL
Negative 182,LEIADLAQYVVDLTAR
Negative 183,SIVGRPRHHGIMIGMG
Negative 184,NFPLDLAAVEVPSTNG
Negative 185,MNPCPCGYYMSNTECK
Negative 186,IVRRGCCSDPRCAWRCG
Negative 187,RCKTCSKGRCRPKPNCG
Negative 188,SGCCSNPACRVNNPNIC
Negative 189,GFVALLKKLPLILKHLH
Negative 190,VRTPVTVQTKVDNIKAY
Negative 191,FIGMIPGLIGGLISAIK
Negative 192,SAPRGCWTKSYPPKPCK
Negative 193,GCCGSFACRFGCVPCCV
Negative 194,CCKYGWTCLLGCSPCGC
Negative 195,GNATSERLPTDPVYPAV
Negative 196,GAAILTNDNAMDALQDL
Negative 197,MPDPAKTAPKKKSKKAVT
Negative 198,GLLGPLLKIAAKVGSNLL
Negative 199,GFLSILKKVLPKVMAHMK
Negative 200,SNKPRPQQVPPRPPHPRL
Negative 201,GFLGSLLKTGLKVGSNLL
Negative 202,SGYLPGKEYVYKYKGKVF
Negative 203,EGCCSNPACRTNHPEVCD
Negative 204,CCGVPNAACHPCVCKNTC
Negative 205,YLKGCWTKSYPPKPCFSR
Negative 206,LLGMIPLAISAISALSKL
Negative 207,AECMVDETVCYIHNHNNC
Negative 208,GLVDVLGKVGGLIKKLLP
Negative 209,MSGRGKGGKGLGKGGAKR
Negative 210,GKLQAFLAKMKEIAAQTL
Negative 211,LLGMLPVALSALSALSKL
Negative 212,SGLLINQPKYSWLKELGL
Negative 213,SDTVDIYDAGKILERVII
Negative 214,GAYFDGFDVPCVPRRDDC
Negative 215,NSELINSILGLPKVMNDA
Negative 216,FLSLIPSLVSGAVSLVKK
Negative 217,LAVPGILVPEALGLGNAV
Negative 218,RRWCFRVCYRGFCYRKCR
Negative 219,FEDGKKVRFFKSNKETIK
Negative 220,AATKFDFFTLALQAPAAF
Negative 221,MDTPSRYWLTILSSRINS
Negative 222,MVKILIIVVLLVISYPAY
Negative 223,MYSFVSEETGTLIVNSVL
Negative 224,FFSMIPKIATGIASLVKNL
Negative 225,SSMFVWNTKLILKTCGTAL
Negative 226,CKQSCSFGPFTFVCDGNTK
Negative 227,DEPEYAEAIREYQLKYGKI
Negative 228,GFKDLLKGAAKALVKTVLF
Negative 229,GEPEVAKWAEGLREKAASN
Negative 230,CANSCSYGPLTWSCDGNTK
Negative 231,VKKVAIIGAGVSGLASIRS
Negative 232,ASGENQAELKLATHNVYML
Negative 233,SKQCCHLAACRFGCTPCCW
Negative 234,FIGAILPAIAGLVHGLINR
Negative 235,DKNKKPIWMAGFPGFTPIR
Negative 236,AQDPQSETDYSQLSGEWNT
Negative 237,MFLFGMFILALLTYIDKKK
Negative 238,VFMLMHFPMIRKQGISGPL
Negative 239,AWMEEVDGYRQLWVTQTGR
Negative 240,MIERELGNWKDFIEGMLRK
Negative 241,NLLQFGYMIRCANGRSRPVW
Negative 242,QELASFHSVSKGFMGECGFR
Negative 243,MINGWTGNILRINLTTGAIS
Negative 244,GKPSRPRPAPIQPRPPHPRL
Negative 245,MDAKAYVDLKERFLRYVKFN
Negative 246,FIGLLISAGKAIHDLIRRRH
Negative 247,ALAGTIIAGASLTFKILDEV
Negative 248,AGCDHSQGIYIYAAGQGNGV
Negative 249,MKVFVLNGPNLGRLGKREPA
Negative 250,GLWSTIKNVAAAAGKAAIKL
Negative 251,GSLVKLVSTLLSLVPSLMKG
Negative 252,IAIQGGAGYLAQPGDGYKYA
Negative 253,FLSLIPHAINAVSTLVHHSG
Negative 254,FLGGLMKAFPALICAVTKKC
Negative 255,FIGTALGIASAIPAIVKLFK
Negative 256,DGCPPHPVPGMHPCMCTNTC
Negative 257,TDMLAVSVSSTDAIGHKYGT
Negative 258,GVGYKVVVTTTAAADDDDVV
Negative 259,ANNPGARKAIRKIEARTEVN
Negative 260,HKQGDFVLRVGAASVVPNDS
Negative 261,MKADIHPNYVEIDATASAGN
Negative 262,ARAVGIDLGTTNAVVAVLEG
Negative 263,VSAKPAKAAVTAGEQAIAMT
Negative 264,MIINELKSCKLKFSKQALTF
Negative 265,GATEASVLGAIYPANPITQS
Negative 266,GIITSLMAPFLFPLILAVVG
Negative 267,MFRVHLDTEDLILGSVSGKI
Negative 268,DNWWPKPPHQGPRPPRPRPKP
Negative 269,ALCNCNRIIIPHMCWKKCGKK
Negative 270,GEEEYQKMLENLREAEVKKNA
Negative 271,GIFGKILGVGKKVLCGLSGMC
Negative 272,GMASKAGAIAGKIAKVALKAL
Negative 273,MKVKVDADACIGCGVCVELCP
Negative 274,RQRVEELSKFSKKGAAARRRK
Negative 275,MKTKAAVLFETHKPFEIVELEL
Negative 276,KRNGCCNCSSKWCRDHSRCCGR
Negative 277,RHGCCKGPKGCSSRECRPQHCC
Negative 278,GMATKAGTALGKVAKAVIGAAL
Negative 279,QRFIHPTYRPPPQPRRPVIMRA
Negative 280,CPAIQRCCQQLRNIQPPCRCCQ
Negative 281,MIRISLTTIITTTTITTGNGAG
Negative 282,MGLASGATLLTAFIYTLAQGLV
Negative 283,MNENPNIAKKIVELASLAKKED
Negative 284,LKLSTQIEPQRNLTVQPLLDIN
Negative 285,GHACYRNCWREGNDEETCKERCG
Negative 286,GFGCYRSCWKAGHDEETCKKECS
Negative 287,LIGLVSKGTCVLVKTVCKKVLKQ
Negative 288,ACGSCRKKCKGSGKCINGRCKCY
Negative 289,GPSTDLVIGNKGFDGGIDSAILR
Negative 290,GLFGVLAKVASHVVPAIAEHFQA
Negative 291,GLWQLIKDKFKDAATGFVTGIQS
Negative 292,YMVIQGEPGAVIRLGDYLIDQGL
Negative 293,SLGGKPDLRPCHPPCHYIPRPKPR
Negative 294,LSAMLEDTENWLYEELSLTQDPVV
Negative 295,VTSWSLCTPGCTSPGGGSNCSFCC
Negative 296,NLVSDIIGSKKHMEKLISIIKKCR
Negative 297,GFLDKLKKGASDFANALVNSIKGT
Negative 298,FLPFIARLAAKVFPSIICSVTKKC
Negative 299,MNNNVILVEDGGKQKIIWGRGYWL
Negative 300,MISYIVGMLLVALGGFVFVRQRMR
Negative 301,MLGKVQDFFLCSLLLRIVSAGWCD
Negative 302,YKKPECQSDWQCPGKKRCCPDTCG
Negative 303,MRAKWRKKRMRRLKRKRRKMRQRSK
Negative 304,IWLTALKFLGKHAAKHLAKQQLSKL
Negative 305,FLGSLFSIGSKLLPGVIKLFQRKKQ
Negative 306,LPPCCTPPKKHCPAPACKYKPCCKS
Negative 307,LDVKKIICVACKIRPNPACKKICPK
Negative 308,ADDDLEGFSEEDLKAIKEHRAGLAA
Negative 309,SVINTQIKPFKTQAFKNGKFIEVTE
Negative 310,TCLAHKQQAVNRLLYRIYSPIAAAF
Negative 311,MGKHWVYAGITIAGLGSTLMLTTNA
Negative 312,PGPTGERANWWWYQPFQPQPPPTTN
Negative 313,GAVVGGLGGYMLGSAMSRPMMHFGN
Negative 314,NAGDTNTGGFNPGSTNTGWFNTGNA
Negative 315,MKFYTIKLPKFLGGIVRAMLGSFRKD
Negative 316,DGVCSNRRQCNKEVCGSSYDVAIVGA
Negative 317,MAQDIISTIGDLVKWIIDTVNKFTKK
Negative 318,VDSEDLIEAFKIYVEDDNEHLQGSVD
Negative 319,CKQAGESCDIFSQNCCVGTCAFICIE
Negative 320,MALKAVCVLKGAGETSGTVHFEQEDN
Negative 321,MPSQKSPTKRSPTKRSPQKGGKGAKR
Negative 322,VGTALGSLAEELNGYNRKKGGFSFRF
Negative 323,RSCCPCYWGGCPWGQNCYPEGCSGPKV
Negative 324,IPLRGAFINGRWDSQCHRFSNGAIACA
Negative 325,QTCVSCVNFGNGFCGDNCGNSWACSGC
Negative 326,ALWMTLLKKVLKAAAKALNAVLVGANA
Negative 327,GFLGPLLKLAAKGVAKVIPHLIPSRQQ
Negative 328,MGKGDRRTRRGKIWRGTYGKYRPRKKK
Negative 329,MLLSDCYSWAKQVFGLAKLGDPRRTRR
Negative 330,MNWISYLAKEYSKDNTDGQRNFGCSQY
Negative 331,MLNEDLAIKNINDEIWSYTIGGYQVIK
Negative 332,INLKYARSEDANKLKSWYLRGENDEGL
Negative 333,AIIGAPCRRCYHSDGKGGCVRDWSCGQQ
Negative 334,KRGFLDVVKHIGKAALGAVTHLINQGEQ
Negative 335,MSEARNLFTTFGILAILLFFLYLIYAVL
Negative 336,IPCGESCVWIPCISGMFGCSCKDKVCYS
Negative 337,CKGKGAPCTRLMYDCCHGSCSSSKGRCG
Negative 338,HSDAVFTDNYTRLRKQMAVKKYLNSILN
Negative 339,DLQCAETCVHSPCIGPCYCKHGLICYRN
Negative 340,GIMDTIKDTAKTVAVGLLNKLKCKITGC
Negative 341,VDACYEACMHHHMNSDDCIEACKNPVPP
Negative 342,GTACGESCYVLPCFTVGCTCTSSQCFKN
Negative 343,GLKDWWNKHKDKIVEVVKEMGKAGLNAA
Negative 344,KRGFLDVIKHVGKAALSVVSHLINEGEH
Negative 345,DLARNLGLVDIDDEYDEDSDKEKPIFNV
Negative 346,MSAGVITGVLLVFLLLGYLVYALINAEAF
Negative 347,TRCKGKGAPCRKTMYDCCSGSCGRRGKCG
Negative 348,MNLVDIAILILKLIVAALQLLDAVLKYLK
Negative 349,VSCEDCPDHCSTQKARAKCDNDKCVCEPI
Negative 350,GLWSTIKQKGKEAAIAAAKAAGQAALGAL
Negative 351,GFISTVKNLATNVAGTVIDTIKCKVTGGC
Negative 352,PSSQPRGDPTGQEEPKKKVEKKTTTDPFD
Negative 353,MIRVARESFALVSVIGFVWMMCTVANLVA
Negative 354,MNEAKSLFTTFLILAFLLFLLYAFYEAAF
Negative 355,CKSPGTPCSRGMRDCCTSCLLYSNKCRRY
Negative 356,MKHSEKNEIASHELPTTPLDPVLAAGRES
Negative 357,GLPVCGETCTLGKCYTAGCSCSWPVCYRN
Negative 358,GLPVCGETCFGGTCNTPGCSCSYPICTRN
Negative 359,MDIVSLAWAALMVVFTFSLSLVVWGRSGL
Negative 360,GLWSKIKTAGKSVAKAAAKAAVKAVTNAV
Negative 361,MTVKIAQKKVLPVIGRAAALCGSCYPCSCM
Negative 362,LKCNKLVPLFYKTCPAGKNLCYKMFMVSNK
Negative 363,MVKAVTVLNSSEGPHGIVYFAQEGDGPTTV
Negative 364,KKDLTEVTHKVYFDVEIDGKPAGRIVMGLF
Negative 365,APWLVPSQITTCCGYNPGTMCPSCMCTNTC
Negative 366,DDCGKLFSGCDTNADCCEGYVCRLWCKLDW
Negative 367,SCSGRDSRCPPVCCMGLMCSRGKCVSIYGE
Negative 368,ADNRRPIWNLGHMVNALKQIPTFLADGANA
Negative 369,SFLNFFKGAAKNLLAAGLDKLKCKISGTQC
Negative 370,EVIAQLTMIAMIGIAGPMIIFLLAVRRGNL
Negative 371,GSVIKCGESCLLGKCYTPGCTCSRPICKKN
Negative 372,PLPTTRGNPTGPKESKKEVESKTETDPFAW
Negative 373,MWYLLWFVGILLMCSLSTLVLVWLDPRLKS
Negative 374,GTPCGESCVYIPCISGVIGCSCTDKVCYLN
Negative 375,ILQKAVLDCLKAAGSSLSKAAITAIYNKIT
Negative 376,PKIRKVLVANRGEIAIRVMRTAKELGIATV
Negative 377,ALWKNMLKGIGKLAGQAALGAVKTLVGAES
Negative 378,GTHPCQETCVTSTRCSTQGCHCNWPICFKN
Negative 379,MSASAILMMMVALIIIWGGLILAIRHLLQK
Negative 380,LLLLGAAGVTFLLSVKIRSSQRTAINELNA
Negative 381,MIRNAWHFYYALRLVFKVVSGSIGFALFTP
Negative 382,MERSTRELCLNFTVVLITVILIWLLVRSYQY
Negative 383,GLDLGLSRGFSGSQAAKHLMGLAAANYAGGP
Negative 384,SNKRKNAAMLDMIAQHAIRGCCSDPRCRYRCR
Negative 385,DDCIKPYGFCSLPILKNGLCCSGACVGVCADL
Negative 386,GDCLPHLKLCKENKDCCSKKCKRRGTNIEKRCR
Negative 387,ELRLPEIARPVPEVLPARLPLPALPRNKMAKNQ
Negative 388,ANKRPVWIMAHMVNAVAQIDEFVNLGANSIETD
Negative 389,DCLGFMRKCIPDNDKCCRPNLVCSRTHKWCKYVF
Negative 390,MAEKESTSPHLIVPILLLVGWIVGCIIVIYIVFF
Negative 391,VSCTGSKDCYAPCRKQTGCPNAKCINKSCKCYGC
Negative 392,MENNSRTMPHIRRTTHIMKFAHRNSFDFHFFNAR
Negative 393,ASCRTPKDCADPCRKETGCPYGKCMNRKCKCNRC
Negative 394,ACLGQWDSCDPKASKCCPNYACEWKYPWCRYKLF
Negative 395,WSTIVKLTICPTLKSMAKKCEGSIATMIKKKCDK
Negative 396,ECRWFLGGCSGGQTCCEHLVCHRKHQWCVWDWSF
Negative 397,MAKVYAELIRKGLKAISDVPKALQAEVKGLLENE
Negative 398,MQNAPENVQANATAVTGTNVDNGVLDYIEQHILS
Negative 399,ASVDTNKINSFSSIAMNAYDSRILTEVVGVVDGD
Negative 400,LNRDDDSDLHSPRYSFSEDTKCDDGWFVGTSRRTK
Negative 401,ECRYWLGGCSAGQTCCKHLVCSRRHGWCVWDGTFS
Negative 402,RSCIDTIPKSRCTAFQCKHSMKYRLSFCRKTCGTC
Negative 403,MPRRRRRASRPIRRRRRARRSTAVRRRRRVVRRRR
Negative 404,ECRYLFGGCSSTSDCCKHLSCRSDWKYCAWDGTFS
Negative 405,IKCTLSKDCYSPCKKETGCPRAKCINRNCKCYGCS
Negative 406,QKECTGPQHCTNFCRKNKCTHGKCMNRKCKCFNCK
Negative 407,GIKEMLCNMACAQTVCKKSGGPLCDTCQAACKALG
Negative 408,GLFLNTVKDVAKDVAKDVAGKLLESLKCKITGCKP
Negative 409,AFGTILKALAKIAAKVVKKLATKPGATYMLKQNLQ
Negative 410,ISCQDVKQSLAPCLPYVTGRAPKPAPGCCNGINHL
Negative 411,RCHFVVCTTDCRRNSPGTYGECVKKEKGKECVCKS
Negative 412,MISDEQLNSLAITFGIVMMTLIVIYHAVDSTMSPKN
Negative 413,MKPRLCFNFRRRSISPCYISISYLLVAKLFKLFKIH
Negative 414,MLTLKLFVYTVVIFFVSLFIFGFLSNDPGRNPGREE
Negative 415,MDSRLLVIAAPLLVAASWALFNIGRLAIQQIQRLSA
Negative 416,AGCKYLFGSCKEDSDCCKHLGCRRKAPQYCGWDGTF
Negative 417,AICTGADRPCAACCPCCPGTSCKAESNGVSYCRKDEP
Negative 418,ACVGDGQRCASWSGPYCCDGYYCSCRSMPYCRCRNNS
Negative 419,FDGRNAAGNDKMSALMALTTRGCCSHPVCSAMSPICG
Negative 420,DCVGESQQCADWAGPHCCDGYYCTCRYFPKCICVNNN
Negative 421,ESDGAHAKARADKPARSATNRQPGCCNNPACVKHRCG
Negative 422,SSTCIPSGQPCPYNENCCSQSCTFKENENGNTVKRCD
Negative 423,DGECGDKDEPCCGRPDGAKVCNDPWVCILTSSRCENP
Negative 424,PHAFPFLTPEQKKELSDIAHKIVAPGKGILAADESTG
Negative 425,GIFSLVKGAAKLAGKGLAKEGGKFGLELIACKIAKQC
Negative 426,FDGRNAAANDKASDLVALTVRGCCSHPACSVNHPELCG
Negative 427,METLKITVYIVVTFFVLLFVFGFLSGDPARNPKRKDLE
Negative 428,QQVPGAKETKIKVPIAMFGGSGNYAAALYIAAVKANAV
Negative 429,IFINVKCSSPQQCLKPCKKAFGQHAGGKCINGKCKCYP
Negative 430,PPISLDLTFHLLREALEAAKAEQEAEQAALNRLLLEEA
Negative 431,MGYINVFAFPFTIYSLLLCRMNSRNYIAQVDVVNFNLT
Negative 432,MHWRNYVAQVDEMDCGVAALAMILKNYGSTTSLAYLRN
Negative 433,AQGRQGDARAIWREYLDKQPDSDVLRRTIKRLTGAETP
Negative 434,MDRNSNPNRQPVELNRTSLYLGLLLVAVLGILFSSYFFN
Negative 435,QQHADPICNKPCKTHDDCSGAWFCQACWNSARTCGPYVG
Negative 436,EDCIPKWKGCVNRHGDCCEGLECWKRRRSFEVCVPKTPKT
Negative 437,MMSEGGRIPLWIVATVAGMGVIVIVGLFFYGAYAGLGSSL
Negative 438,ECADVYKECWYPEKPCCKDRACQCSLGMNCKCKATLGDIF
Negative 439,MIEPILLGMVLGFVPVTIAGLLVAAWLQYKQGNPSGLGEK
Negative 440,CGDINAPCQSDCDCCGYSVTCDCYWGNECKCRESNFAIGM
Negative 441,GGCINHGQPCDGDKNDCQCCRDNGYCNCDGIFGLKWNCKC
Negative 442,ATCDLLSGIGVQHSACALHCVFRGNRGGYCTGKGICVCRN
Negative 443,MSRTGMTGEGSTGMTGKGDTGMTEESAGITEKSHLFSLDE
Negative 444,MRRALTALGIIAALGLAVVWLVEIFPILHTLAAWQTGCFG
Negative 445,MEEQPECREEKRGSLHVWKSELVEVEDDVYLRHSSSLTYRL
Negative 446,MNRLIELTGWIVLVVSVILLGVASHIDNYQPPEQSASVQHK
Negative 447,MDWRVLVVLLPVLLAAGWAVRNILPYAVKQVQKLLQKAKAA
Negative 448,GTACSCGNSKGIYWFYRPSCPTDRGYTGSCRYFLGTCCTPAD
Negative 449,MNLFDLQSMETPKEEAMGDVETGSRASLLLCGDSSLSITTCN
Negative 450,MKFFQAAALLLAMFAALANAEPVPQPGTVLIQTDNTQYIRTG
Negative 451,MDSMANSVSSSSVVNAGNKPAETLNKTVKNYTPKVPYMCVIA
Negative 452,YLDHGLGAPAPYVDPLEPKREVDELADQMGFQEAYRRFYGTT
Negative 453,MKKAVIVENKGCATCSIGAACLVDGPIPDFEIAGATGLFGLWG
Negative 454,MFNWFRKFINKWKFNQGMYIETMSLDATIPLHKEDKQMKIYHT
Negative 455,MRFPFAVICFVVGLELFQMAVMMLFDDFGVPMPSWMGWLMEEE
Negative 456,MSDKPDMAEIEKFDKSKLKKTETQEKNPLPSKETIEQEKQAGES
Negative 457,KLMKQGGAALEGSALANGRALSAGSPPVPPGWNRIPPLGRAQEE
Negative 458,MDSIATNTHSSSIVNAYNNNPTDVVKTQNIKNYTPKVPYMCVIA
Negative 459,GGKCTVDWGGQGGGRRLPSPLFCCYKPTRICYLNQETCETETCP
Negative 460,GKVWDWIKSTAKKLWNSEPVKELKNTALNAAKNFVAEKIGATPS
Negative 461,MVSSAQLDFNLQALLGQLSQDDLCKFKSLIRTVSLGNELQKIPQT
Negative 462,MKFFSVVTVFVFGLLALANAVPLSPDPGNVVINGDCKYCNVHGGK
Negative 463,FLGTINLSLCEEERDADEEERRDEPDESNVEVKKRFFFLSRIFGK
Negative 464,MKSNRQARHILGLDHKISNQRKIVTEGDKSSVVNNPTGRKRPAEK
Negative 465,MADKPNMTEITSFDKTKLRKTETQEKNPLPTKETIEQERQGESTP
Negative 466,MTSGNNINQPVTYPIFTVRWLAVHTLAVPTVFFLGAIASMQFIQR
Negative 467,AAEVAPCELTVAPSGLSFCDKVVGTGPQAVKGQLIKAHYVGRLEN
Negative 468,MKKRLTITLSESVLENLEKMAREMGLSKSAMISVALENYKKGQEK
Negative 469,KECMTDGTVCYIHNHNDCCGSCLCSNGPIARPWEMMVGNCMCGPKA
Negative 470,MHTMWRFFQRHPLYQLKRSDSMATSITAYRNAINGLTIKKEAEACA
Negative 471,MVSGVSKKTTHLVVKDKSANSSKISKAKLLGIPILSIEEFCDFLNN
Negative 472,MRNDVLTLTNPMEEKELEQILGGGNGVLKTISHECNMNTWQFLFTCC
Negative 473,MKKFRWVVLVVVVLACLLLWAQVFNMMCDQDVQFFSGICAINQFIPW
Negative 474,IPYGGNGVHHGKAGDSATVDTAIGNIGNNAASIIGGMISGWASGLAG
Negative 475,GVPCRCDSDGPSVHGNTLSGTIWVGSCETGWHKCNTEHNLFHECCKQ
Negative 476,KIKSGWERLTSESEYACPAIDKFCEDHCAAKKAVGKCDDFKCNCIKL
Negative 477,RRLLRDLDIKINQVIPEGGSVKDLKSLPKAWFTLVPYSEVGLMTAMYL
Negative 478,FRGLAKLLKIGLKSFARVLKKILPKAAKAGKSLAKSLADENAIRQQNQ
Negative 479,MVKRKANHVINGMNDAKSQGKGAGYIENDQLVLTEAERQNNKKRKTNQ
Negative 480,MPQLVPFYFMNLLTGGILAISLLLYFVATYLLPNILRLLIARNIIIKL
Negative 481,MPQLVPFYFLNQLTYGFLLLIILLVLFSQFLLPRILRLYISRLFISKL
Negative 482,MSSKVPPGSAVLSLAGRVMKLRLALSLAASSRLSRAVLRCRTPLAAMP
Negative 483,MEGKRGSECLLKSVSNIDFNPESAAIILCADHALNRKEIDIMKRYPQY
Negative 484,MVHIDQIIEAAGGYLSRNSEDGASTTEILLPQSSSRGALWMWYKDRLK
Negative 485,GVPCLCDSDGPRPRGNTLSGILWFYPSGCPSGWHNCKAHGPNIGWCCKK
Negative 486,MLELLKSLVFAVIMVPVVMAIILGLIYGLGEVFNIFSGVGKKDQPGQNH
Negative 487,YLDHGLGAPAPYPDPLEPRREVCELNPDCDELADHIGFQEAYRRFYGIA
Negative 488,MDAAHLSDLDIDALEISEFLDESRLEDSEVVAKVMSASCTTCECCCSCSS
Negative 489,DFTPVCTTELGRLAPEFAKRVVFIFGPDKKLKLSILYPATTGRNFDEILR
Negative 490,MFGLPQQEVSEEEKRAHQEQTEKTLKQAAYVAAFLWVSPMIWHLVKKQWK
Negative 491,FVHWYVGEGMEEGEFSEAREDLAALEKDYEEVGIETAEAEGEEEGYGEEL
Negative 492,MISMLRCTFFFVSVILITSYFVTPTMSIKCNRKRHVIKPHICRKICGKNG
Negative 493,MLTKYALAAVIVLCLTVLGFTLLVGDSLCEFTVKERNIEFKAVLAYEPKK
Negative 494,MTTFLGNPVTFTGSQLQVGDTAHDFSLTTPNLEKKSLADFAGKKKVLSVI
Negative 495,FLGTINLSLCEQERDADEEERRDEPDESDVEVEKRFLPIVTNLLSGLLGK
Negative 496,MPQKYRLLSLIVICFTLLFFTWMIRDSLCELHIKQESYELAAFLACKLKE
Negative 497,MDTETQEKFLADLFEKALQKNLQAYWIITTETKNELTREEFSNLLKENND
Negative 498,GEVITYDRNQVSNDLLRRAGIKVHEVISSELSRGRGGPRCMTMPLVRENL
Negative 499,MGTKAQQALASQRETMKRESAHARSQRRAEEADARFEQRKQKRKQKHRGH
Negative 500,MSSHKTFRIKRFLAKKQKQNRPIPQWIRMKTGNKIRYNSKRRHWRRTKLGL
Negative 501,MVAYWRQAGLSYIRFSQICAKAVRDALKTEFKANAEKTSGTSIKTVKIKKE
Negative 502,MKEQNSFNLLQEVTESELDLILGAKGGSGVIHTISHECNMNSWQFVFTCCS
Negative 503,MSDFTLDFAEGDAADTVSPQITSKSLCTPGCITGWMMCNTVTKGCSFTIGK
Negative 504,MPESIQRIALRKLMMIDAANNLNDLRVPPANHLERLNGNRAGQYSIRINKE
Negative 505,MCYGYGCGCGSFCRLGYGCGYEGCRYGCGHRGCGDGCCCPSCYRRYRFTGFY
Negative 506,AFHYAQLADVDSNAQAFLKSNMQAKYVKDCGIMCRHYKRAQQQQMNMKQWIK
Negative 507,MGTWLKQRSERRERAVEEAYLAESTDRYDLEYRMRELARANPQPSWMSGLSR
Negative 508,MNKLNSNAVVSLNEVSDSELDTILGGNRWWQGVVPTVSYECRMNSWQHVFTCC
Negative 509,MKVDQMFDLDLRKSYEASELSPQASIIKTTIKVSKAVCKTLTCICTGSCSNCK
Negative 510,MRVIRMTNYEAGTLLTCSHEGCGCRVRIEVPCHCAGAGDAYRCTCGDELAPVK
Negative 511,MQKWVCVPCGYEYDPADGDPENGIEPGTAFEDLPEDWVCPVCGVDKSFFEPVS
Negative 512,MQKFECTLCGYIYDPALVGPDTPDQDGAFEDVSENWVCPLCGAGKEDFEVYED
Negative 513,MKVVIFIFALLATICAAFAYVPLPNVPQPGRRPFPTFPGQGPFNPKIKWPQGY
Negative 514,MKTPLFLLLVVLASLLGLALSQDRNDTEWIQSQKDREKWCRLNLGPYLGGRCRK
Negative 515,RRRRRRGKGKGGKKKKGKKRRRRGRKGKGKGKKKGKRKGKRGGKRRRRRRKGKK
Negative 516,ATCAGQDKPCKETCDCCGERGECVCGLSYEGKYRCICRQGTFLIAWYKLASCKK
Negative 517,LNSAGYLLGPHAIDNHRSFHEKPGLTGKRELPPEDEGRSGGFAGPLSLSENAAV
Negative 518,MTINEISKKFSLSKDTLRYWEKEKLIPTVKRDQNGYRVYDTKEQNWVFLHYGFT
Negative 519,MDYIDEHKHEFGVEPICATLSAAGTQIAPSTYYAAKTRPPSVRSLRDEQVLGLP
Negative 520,MRRSTTDGRNDQLRYWLADGNFDVAVADFTGMPTGVELVDFYQERMVLIIANSL
Negative 521,MKRNQKEWESVSKKGLMKPGGTSIVKAAGCMGCWASKSIAMTRVCALPHPAMRAI
Negative 522,ASATWGAAYPACENNCRKKYDLCIRCQGKWAGKRGKCAAHCIIQKNNCKGKCKKE
Negative 523,MKTLALFLVLVCVLGLVQSWEWPWNRKPTKFPIPSPNPRDKWCRLNLGPAWGGRC
Negative 524,MSTSRKLKTHGMRRGKNRAPHKGVKRGGSKRKYRKSVLKSRKRGDDASRNYRSHL
Negative 525,MAKGIREKIKLVSSAGTGHFYTTTKNKRTKPEKLELKKFDPVVRQHVIYKEAKIK
Negative 526,MKKELFDLNLNKDIEAQKSDLNPQSASIVKTTIKASKKLCRGFTLTCGCHFTGKK
Negative 527,MKIIVVLAVLMLVSAQVCLVSAAEMGHSSDNELSSRDLVKRFFLPPCAYKGTCNH
Negative 528,NEYHGFVDKANNENKRKKQQGRDDFVVKPNNFANRRRKDDYNENYYDDVDAADVV
Negative 529,MPSSKKKKETVPVMSMAGLIRYYEEENEKVKISPKIVIGASLALTIIVIVITKLF
Negative 530,MPLSSVRAELLGTRLTAVDLNDDWAYRTLFVGVASQAQLAPEAAKLFEYLSSVHG
Negative 531,MEKLFKEVKLEELENQKGSGLGKAQCAALWLQCASGGTIGCGGGAVACQNYRQFCR
Negative 532,MFKQLILLALAAVFLLINISSAEPAAEPNANAEPLAEASAEPRIKIGLFDQLSKLG
Negative 533,MSKFDDFDLDVVKVSKQDSKITPQWKSESLCTPGCVTGALQTCFLQTLTCNCKISK
Negative 534,MAHENVWFSHPRRFGKGSRQCRVCSSHTGLVRKYDLNICRQCFREKANDIGFHKYR
Negative 535,MADVSERTLQVSVLVAFASGVVLGWQANRLRRRYLDWRKRRLQDKLATTQKKLDLA
Negative 536,MSRLFTLVLIVLAMNVMMAIISDPVVEAVGCEECPMHCKGKNAKPTCDDGVCNCNV
Negative 537,MKISFVLLLTLFICSIGWSEARPTDIKCSESYQCFPVCKSRFGKTNGRCVNGFCDCF
Negative 538,LICHRVHGLQTCEPDQKFCFRKTTMFFPNHPVLLMGCTSSCPTEKYSVCCSTDKCNK
Negative 539,MGNNEEYFIDVNDLSIDVFDVVEQGGAVTALTADHGMPEVGASTNCFCYICCSCSSN
Negative 540,MAVQQNKPTRSKRGMRRSHDALTAVTSLSVDKTSGEKHLRHHITADGYYRGRKVIAK
Negative 541,MSNPKDDYKIWLVINPSTWLPVIWIVATVVAIAVHAAVLAAPGFNWIALGAAKSAAK
Negative 542,MSTKDFNLDLVSVSKKDSGASPRITSISLCTPGCKTGALMGCNMKTATCHCSIHVSK
Negative 543,MQPRSPVRTNIVIFTILGFVVALLIHFIVLSSPEYNWLSNAEGGALLLSAARALFGI
Negative 544,MIKHFHFNKLSSGKKNNVPSPAKGVIQIKKSASQLTKGGAGHVPEYFVGIGTPISFYG
Negative 545,MFTVFLLVVLATTGVSFTLDRASDGGNAVAKKSDVTARFNWRCCLIPACRRNHKKFCG
Negative 546,MRFFHPLYLLLLLLTVLVLISADKHGTKHDFLNLRRKYRRHNCPKKRCLPLHSRVPFP
Negative 547,MRYYGSYYRGLGYGCGGFGGLGYGCGCGGYRYGSGYGGYRYGCCRPSCREGYGFSGFY
Negative 548,MHLMYTLGPDGKRIYTLKKVTESGEITKSAHPARFSPDDKYSRQRVTLKKRFGLVPGQ
Negative 549,MNFSKIFIFVVLAVLLLCSQTEAGRLKKLGKKIEGAGKRVFKAAEKALPVVAGVKALG
Negative 550,AVQKVDGEPRAHLGALLARYIQQARKAPSGRMSVIKNLQNLDPSHRISDRDYMGWMDF
Negative 551,MMNATENQIFVETVSDQELEMLIGGADRGWIKTLTKDCPNVISSICAGTIITACKNCA
Negative 552,MSKFYKIWMIFDPRRVFVAQGVFLFLLAVMIHLILLSTPSYNWLEISAAKYNRVAVAE
Negative 553,MEPVDPRLEPWKHPGSQPKTACTTCYCKKCCFHCQVCFITKALGISYGRKKRRQRRRA
Negative 554,MDAQKDVQPPKQQPMIYICGECHTENEIKSRDPIRCRECGYRIMYKKRTKRLVVFDAR
Negative 555,MDAAKAKRKVLGRPVENKYIYEVINDYLNTNLSIVELAKKYNISRPTVYNYLQRKRYS
Negative 556,MLVVLRSNNFASAEQAAAFLGVVPIEKRSVTSVRSRPRMSKIGPPQLRAKLYMSALCG
Negative 557,MGRVILGWDRGLVGMKVGGTRTLAIPYDLAYGKAGSPPKIPGYAGLLFEVKLIGVTKK
Negative 558,MTKNQKLVTLSTTVKDTLGYLPNCTAEQIPLVAKKTVPRSSAPKVFWNHFVNFVNEKL
Negative 559,MNRDRRVAKQSQLLRENPNQVLVATKLNIPGPFKTSPLIRRFFEAGLHRLEDQWLVTG
Negative 560,MTIAPITGTIKRRVIMDIVLGFSLGGVMASYWWWGFHMDKINKREKFYAELAERKKQEN
Negative 561,MKIFSILLVALIICSISICTEAFGLIDVKCFASSECWTACKKVTGSGQGKCQNNQCRCY
Negative 562,MNKNEIETQPVTWLEEVSDQNFDEDVFGACSTNTFSLSDYWGNNGAWCTLTHECMAWCK
Negative 563,MLKRFPTPILKVYWPFFVAGAAVYYGMSKAADLSSNTKEFINDPRNPRFAKGGKFVEVD
Negative 564,MKFSSIILLTLLICSMSKFGNCQVETNVKCQGGSCASVCRKAIGVAAGKCINGRCVCYP
Negative 565,MKILSVLLLALIICSIIDWSEGQFTQESCTASNQCWSICKRLHNTNRGKCMNKKCRCYS
Negative 566,MRCLPVFVILLLLIASAPSVDAQLKTKDDVPLASFHDNAKGTQHKRIINWCCLIFYQCC
Negative 567,MKTNREQEIYVERSFKPNNSTIQNLMDIERFILPHTSTSGVARLKMRVISWVGLQFYNY
Negative 568,MEAMKMRLFVAVLVAAMAFSAVQQAAAVEAPAPSPTSDASLAIPAFFASVATLAFGFLF
Negative 569,MKDVICGAGSKDDYNKYYKNNDKRGLQGRESVFIVCTWCYFSSQHNIATFMFDTITKVT
Negative 570,MLKLKMMLCVMMLPLVVVGCTSKQSVSQCVKPPPPPAWIMQPPPDWQTPLNGIISPSERG
Negative 571,MEAMKMKLYVVVLVAVIAFSTVHQTVAAVDAPAPSPTSDASSFIPTFFASVAVMAFGFFF
Negative 572,MKVFFAVLITLFICSMIIGIHGVGINVKCKHSGQCLKPCKDAGMRFGKCINGKCDCTPKG
Negative 573,MANKVIQLQKIFQSSTKPLWWRHPRSALYLYPFYAIFAVAVVTPLLYIPNAIRGIKAKKA
Negative 574,MSFLPSFILSDESKERISKILTLTHNVAHYGWIPFVLYLGWAHTSNRPNFLNLLSPLPSV
Negative 575,MDPCECAKTGTCNCGATCKCTNCQCTTCKKSCCSCCPSGCSKCASGCVCKGNSCGSSCCQ
Negative 576,MRFTGIILILISMTLIDSFFEMKVEATGPQTTCQAAMCEAGCKGLGKSMESCQGDTCKCKA
Negative 577,MKAFYGMLVIFILCSTCYISVDSQIDTNVKCSGSSKCVKICIDRYNTRGAKCINGRCTCYP
Negative 578,TMCYSHTTTSRAILTNCGENSCYRKSRRHPPKMVLGRGCGCPPGDDNLEVKCCTSPDKCNY
Negative 579,MHNYYKIVLIMVAFFAVIITFSNIQVEGAVCNLKRCQLSCRSLGLLGKCIGDKCECVKHGK
Negative 580,MFSELINFQNEGHECQCQCGSCKNNEQCQKSCSCPTGCNSDDKCPCGNKSEETKKSCCSGK
Negative 581,MDPNCSCTTGVSCACTGSCTCKECKCTSCKKSCCSCCPVGCAKCAHGCVCKGTLENCSCCA
Negative 582,MAKKSMIAKQQRTPKFKVQEYTRCERCGRPHSVIRKFKLCRICFRELAYKGQIPGVKKASW
Negative 583,MEMKKIACGVLFAAASMTAVMAAEEVGAPAPGPASAASAALPALGSLVGASLVSLFSYYLH
Negative 584,LPVAFLKFAIVLILFIAMSAMIEAQCIGNGGRCNENVGPPYCCSGFCLRQPGQGYGYCKNR
Negative 585,DGYIRRRDGCKVSCLFGNEGCDKECKAYGGSYGYCWTWGLACWCEGLPDDKTWKSETNTCG
Negative 586,MFTVFLLVVLATTVVSFTSGRSTFRGRNAAAKASGLVSLTDRRPQCCSHPACNVDHPEICR
Negative 587,MMNMKPTESYEQLDNSALEQVVGGKYYGNGVHCTKSGCSVNWGEAFSAGVHRLANGGNGFW
Negative 588,MPNILSLTCICFNSVLYPTSFFFAKLPEAYAIFNPIVDIMPVIPLFFFLLAFVWQAAVSFR
Negative 589,MSSKGEQPLVLWYNQLGMHDVDRVGGKNPSLGEMITNLSSLGVSVPNGFATTSYAFNLFLD
Negative 590,MSAWRKAGISYAAYLNVAAQAIRSSLKTELQTASVLNRSQTDAFYTQYKNGTAASEPTPITK
Negative 591,MRCLPVFIILLLLIPSAPSVDAQPTTKDDVPLASLHDNAKRALQMFWNKRDCCPAKLLCCNP
Negative 592,MKTSILFVIFSLALLFALSAATEIEETDRACGQFWWKCGEGKPPCCANFACKIGLYLCIWSP
Negative 593,MFTLKKSLLLLLFLGTINLSLSEQERNAEEERRDDPEEMDAEVEKRAILTTLANWARKFLGK
Negative 594,MARYRRSRTRSRSPRSRRRRRRSGRRRSPRRRRRYGSARRSRRSVGGRRRRYGSRRRRRRRY
Negative 595,DGYIKGNKGCKVSCVINNVFCNSMCKSSGGSYGYCWSWGLACWCEGLPAAKKWLYAATNTCG
Negative 596,GKEGYPADSKGCKVTCFFTGVGYCDTECKLKKASSGYCAWPACYCYGLPDSASVWDSATNKC
Negative 597,MNFLKKSLFLVLFLGFVSISFCDEEKRQDDDEGNEREEKKEIQEDGNQEERRDKPPAWVPGK
Negative 598,MGMRMMFTVFLLVVLAITVVSFPLDRESDGANAEARTHDHEKHALDRNGCCRNPACESHRCG
Negative 599,AIGPVADIDIDVVSLGMVDQSLLREMHEVSNVALQAMKGSDEYDFNANLRLVLWNQPDFMWLR
Negative 600,MNFYKIFVFVALILAISIGQSEAGWLKKLGKRIERIGQHTRDATIQGLGIAQQAANVAATARG
Negative 601,MNFYKIFVFIALILALSVSQSEAGWLKKIGKKIERVGQNTRDATVKGLEVAQQAANVAATVRG
Negative 602,MKAKELREKSVEELNTELLNLLREQFNLRMQAASGQLQQSHLLKQVRRDVARVKTLLNEKAGA
Negative 603,MAEVSLGMLIDIVDEEWMRDTLPDDDLPLPPVLAVKTDDTEETNQETQQADAETWRDLALDTQ
Negative 604,MSNTQLLEVLGTETFDVQEDLFAFDTTDTTIVASNDDPDTRFKSWSLCTPGCARTGSFNSYCC
Negative 605,MKILCFFIVLLFVAVHGAVGFSRSPRYHMQCGYRGTFCTPGKCPHGNAYLGLCRPKYSCCRWL
Negative 606,MASLKFPLEILAVFVIISVILLPIAQSHSSSPAPAPTSDGTSIDQGIAYVLMMVALALTYFIH
Negative 607,MPIAQIHILEGRSDEQKETLIREVSEAISRSLDAPLTSVRVIITEMAKGHFGIGGELASKVRR
Negative 608,MSGSRLFFGVSTIVSIIFAILLPMAHAQSAAPAPAPTSDGTTIDQGIAYVLMLVALVLTYLIH
Negative 609,MKNTSILFILGLALLLVLAFEAQVGESDGECGGFWWKCGRGKPPCCKGYACSKTWGWCAVEAP
Negative 610,MKVAYLLVLFTIMMLANDASLVHTNIPCRGTSDCYEPCEKKYNCARAKCMNRHCNCYNNCPWR
Negative 611,MNFAKILSFVFALVLALSMTSAAPEPRWKIFKKIEKMGRNIRDGIVKAGPAIEVLGSAKAIGK
Negative 612,MRLHHLLLAVLFLVLSAGSGFTQRVRNPQSCRWNMGVCIPFLCRVGMRQIGTCFGPRVPCCRR
Negative 613,MAKVHGSLARAGKVKSQTPKVEKTEKPKKPKGRAYKRLLYTRRFVNVTLVNGKRRMNPGPSVQ
Negative 614,MGKLTILVLVAAVLLSTQVMVQGDRDQPADRDAVPRDDKPGGTSGKFMNVLRRSGCPWDPWCG
Negative 615,MGMRMMFTVFLLVVLATTVVSFTSDRAPDGRNAAAKAFGLITPTVRKGCCSNPACMLKNPNLC
Negative 616,MECYKCGVSGCHLKITCSAEEKFCYKWRDKISNERWLGCAKTCTEENTWRVYNSCCTTNLCNP
Negative 617,MSESTKETIEVLYEIGTLLGTELDKTTLSLCISLCENNVHPEAIAQIIREIRMAQEQTVDTEPS
Negative 618,MKFTIVFLLLACVFAMGVATPGKPRPYSPRPTSHPRPIRVRREALAIEDHLTQAAIRPPPILPA
Negative 619,MERRTLLVVLLVCSCVVAAAAEASPSRWPSPGRPRPFPGRPKPIFRPRPCNCYAPPCPCDRWRH
Negative 620,MFLQYYLNEQGDRVYTLKKFDPMGQQTCSAHPARFSPDDKYSRHRITIKKRFKVLMTQQPRPVL
Negative 621,MENTSITIEFSSKFWPYFTLIHMITTIISLLIIISIMIAILNKLCEYNVFHNKTFELPRARVNT
Negative 622,MDETVKLNHTCVICDQEKNRGIHLYTKFICLDCERKVISTSTSDPDYAFYVKKLKSIHTPPLYS
Negative 623,AKACTPLLHDCSHDRHSCCRGDMFKYVCDCFYPEGEDKTEVCSCQQPKSHKIAEKIIDKAKTTL
Negative 624,MSKLGVLLTICLLLFPLTALPLDGDQPADQAAERMQAEQHPLFDQKRRCCKFPCPDSCRYLCCG
Negative 625,MGKTSGAKQATVVVAAMALGWLAIEIAFKPFLDKFRSSIDKSDPTKDPDDFDTAATATTSKEGL
Negative 626,MVAPTLTARLYSLLFRRTSTFALTIVVGALFFERAFDQGADAIYEHINEGKLWKHIKHKYENKE
Negative 627,MKLSVMFIVFLMLTMPMTCAGISRSATNGGEADVRAHDKAANLMALLQERMCPPLCKPSCTNCG
Negative 628,MLYELVAYGIAQGTAEKVVSLINAGLTVGSIISILGGVTVGLSGVFTAVKAAIAKQGIKKAIQL
Negative 629,VRDAYIAKPENCVYHCAGNEGCNKLCTDNGAESGYCQWGGRYGNACWCIKLPDDVPIRVPGKCH
Negative 630,IKDGYIVDDVNCTYFCGRNAYCNEECTKLKGESGYCQWASPYGNACYCYKLPDHVRTKGPGRCR
Negative 631,MFTLKKSLLLLFFLGTINLSLCEQERNAEEERRDEPDERNAEVEKRFFPIVGKLLFGLSGLLGK
Negative 632,KKDGYPVNMEECRYNCWKNAYCDKLCKEKKGQSGYCYGWNLSCWCIGLPDNTNTKMNPFCQTAD
Negative 633,MRILYLLFSLLFLALQVSPGLSSPKRDMLFCKRGTCHFGRCPSHLIKVGSCFGFRSCCKWPWDA
Negative 634,LTCHTCPYNTCANSETCPAGKNICYQKKWEEHRGERIERSCVANCPEFESSHTSLLCCTTANCD
Negative 635,MKILYLLFAFLFLAFLSEPGNAYKQCHKKGGHCFPKEKICLPPSSDFGKMDCRWRWKCCKKGSGK
Negative 636,LTCVTSKSIFGITTEDCPDGQNLCFKRRHYVVPKIYDSTRGCAATCPIPENYDSIHCCKTDKCNE
Negative 637,MKEKNMKKNDTIELQLGKYLEDDMIELAEGDESHGGTTPATPAISILSAYISTNTCPTTKCTRAC
Negative 638,MFKLGVLLTICLLLFSLNAVPLDGDQPADQPAERLLDDISFENNPFYDPAKRCCRTCFGCTPCCG
Negative 639,MFTMKKSLLLLFFLGAINLPLCQEERNAEEERRDGDDEGSVEVQKRFFPLLFGALSSMMPKLFGK
Negative 640,MGAALKMTIFLLIVACAMIATTEAAVRIGPCDQVCPRIVPERHECCRAHGRSGYAYCSGGGMYCN
Negative 641,EHGYLLDKYTGCKVWCVINNESCNGECNKRRGGYYGYCYFWKLACYCQGARKSELWNYKTNKCKS
Negative 642,VRDGYIVDDKNCVYHCIPPCDGLCKKNGGKSGSCSFLVPSGLACWCKALPDNVPIKDPSYKCHKR
Negative 643,GRDAYIAQPENCVYECAKNSYCNDLCTKNGAKSGYCQWLGRWGNACYCIDLPDKVPIRIEGKCHF
Negative 644,MPIKDIKEYAKLRYLGDQTIEQRMTLLYRQYDILVEKREEIELYAQFLLNKIDIYKEMLSERDIK
Negative 645,KEGYLVSKSTGCKYECLKLGDNDYCLRECKQQYGKSSGGYCYAFACWCTHLYEQAVVWPLPNKTCN
Negative 646,MDPPARKEKTKVKESVSRVEKAKQKSAQQELKQRQRAEIYALNRVMTELEQQQFDEFCKQMQPPGE
Negative 647,MGMRMMFTVFLLVVLAATIVSFTSDRASDGRNVAAKAFHRIGRTIRDECCSNPACRVNNPHVCRRR
Negative 648,MTELSANHGGSAKGTENPFEYDYETVRKGGLIFAGLAFVVGLLILLSKRFRCGGSKKHRQVNEDEL
Negative 649,MKTQFAILLVALVLFQMFAQSDAILGKIWEGIKSLFGKRGLSDLDGLDELFDGEISKADRDFLRELMR
Negative 650,MGMRMMFTVFLLVVLATTVVSFPSDRASDGRNAAANDKASDVITLALKGCCSNPVCHLEHSNLCGRRR
Negative 651,MSTKTNIQKDWEQREFIEDMSINIQKIVEFLNKFELSTRNKLSDLNEKLTILDRQVDYLEATFKTVQE
Negative 652,MDTSRVQPIKLARVTKVLGRTGSQGQCTQVRVEFMDDTSRSIIRNVKGPVREGDVLTLLESEREARRLR
Negative 653,MELPIAPIGRIIKDAGAERVSDDARITLAKILEEMGRDIASEAIKLARHAGRKTIKAEDIELAVRRFKK
Negative 654,MIVPVRCFSCGKVVGDKWESYLNLLQEDELDEGTALSRLGLKRYCCRRMILTHVDLIEKFLRYNPLEKRD
Negative 655,MDVMSSSLQQQRVVVEQLRREAAIDRQTISESCAKMMKYITEHEQEDYLLTGFTSQKVNPFREKSSCTVL
Negative 656,MKFLVNVALVFMVVYISYIYAAPEPEPAPEPEAEADAEADPEAGIGAVLKVLTTGLPALISWIKRKRQQG
Negative 657,MTYTQASGYSQGYAGSTSYFGGMDCGSYLTPMHHQLPGPGATLSPMGTNAVTSHLNQSPASLSTQGYGAS
Negative 658,MPRKIEEIKDFLLTARRKDAKSVKIKKNKDNVKFKVRCSRYLYTLVITDKEKAEKLKQSLPPGLAVKELK
Negative 659,MMQIKYLFALFAVLMLVVLGANEADADCLSGRYKGPCAVWDNETCRRVCKEEGRSSGHCSPSLKCWCEGC
Negative 660,MLRLAPTVRLLQAPLRGWAVPKAHITAKPAKTPTSPKEQAIGLSVTFLSFLLPAGWVLYHLDNYKKSSAA
Negative 661,MPRLPPILRLLQAPAKFTVVPKAHVSAKPAKTPTSAVEQAVGISAIVVGFMVPAGWVLAHLESYKKSSAA
Negative 662,MKILEKALLENDSAAEEESRNLRTKRCARKRAWCEKTENCCCPMKCIYAWYNGQSSCDHTISTIWTSCPK
Negative 663,MARKLMARKTPPLVGLDTVQLRVETIWLTSQMDLFVLTDKGEPRITASRASASRVATFGMTSVWLKNSCF
Negative 664,MPGSYKELIKGNPDETEIRSFLVGGDQVSVTLRIPDTLRDAAKEEAALRGMSFSAFVRTCMIEELARKGA
Negative 665,MHVLRLVRELDLPDCWVAAGFVRCCVWDHLRQRSPSPLPHDIDVIWYDPSKATQAHGAMRTCLTLPLPMP
Negative 666,MHTDMGAAELEMLSDASDTSVEDATQAAVSGIPLGRLGTADDVAEVVAWLVSSAAYVTGTIIPIDGGSGR
Negative 667,MVNVLKGVLIECDPAMKQFLLYLDESNALGKKFIIQDIDDTHVFVIAELVNVLQERVGELMDQNAFSLTQK
Negative 668,MKLTCVVIVAVLLLTACQLITADDSRGTQKHRALRSTTKLSTSTRCKGKGAKCSRLMYDCCTGSCRSGKCG
Negative 669,MDEEASRTARESLELVFRMSNILDTGLDRHTLSVLIALCDLGVNPEALATVVKELRRESIPDSVTTTPSIH
Negative 670,IRCFITPDITSKDCPNGHVCYTKTWCDAFCSIRGKRVDLGCAATCPTVKTGVDIQCCSTDNCNPFPTRKRP
Negative 671,MVLRQLSRKASVKVSKTWSGTKKRAQRILIFLLEFLLDFCTGEDSVDGKKRQRHSGLTEQTYSALPEPKAT
Negative 672,MKMMIPVIFSILLLIFSLSSTAMSLEDEQENMEERAEIDFSGIPEDIIKQIKETNAKPPARFDPAAFEKSDD
Negative 673,MKLTCVVIVVVLFLTACQLITADDSRRTQKHRALRSTTKLSLSTRCRIPNQKCFQHLDDCCSRKCNRFNKCV
Negative 674,MSRYQHTKGQIKDNAIEALLHDPLFRQRVEKNKKGKGSYMRKGKHGNRGNWEASGKKVNHFFTTGLLLSGAC
Negative 675,QIYDTSCKGVYDRGLFSDLEHVCDDCYNLYRNSYVASACRSNCYSNVVFRQCMEELLLMDEFDKYARAVQIV
Negative 676,MAHPSQLGFQDAASPVMEELLHFHDHALMIVFLISTLVLYIIVAMVSTKLTNKHILDSQEVEIVWTILPAVI
Negative 677,MAKDDVIEVDGKVVDTMPNAMFTVELENGHQVLATISGKIRKNYIRILPGDKVQVELSPYDLTRGRITYRFK
Negative 678,MKLTCVVIVAVLLLTACQLITADDSRGTQKHRALGSTTELSLSTRCKSPGSSCSPTSYNCCRSCNPYTKRCYG
Negative 679,MSAQTASGPTEDQVEILEYNFNKVNKHPDPTTLCLIAAEAGLTEEQTQKWFKQRLAEWRRSEGLPSECRSVTD
Negative 680,MMSKLGVLLTVCPLLFPLTALPPDGDQPADRPAERMQDDISSDEHPLFDKRQNCCNGGCSSKWCRDHARCCGR
Negative 681,MKFFALFSFFVLCVALATAGHLGRPYIGGGGGFNRGGGFHRGGGFHRGGGFHSGGGFHRGGGFHSGGSFGYRG
Negative 682,MKKSLVLKASVAVATLVPMLSFAAEGDDPAKAAFDSLQASATEYIGYAWAMVVVIVGATIGIKLFKKFTSKAS
Negative 683,MTAIFNFESLLFVILLTICTCTYLHRQFPALLEKRKEGVTMVFWKCARIGERASPYISLFCVFMALRFIFGSS
Negative 684,MKFYIVFCLFVVLLINFAAAEETEEPIRHAKKNPSEGECKKACADAFANGDQSKIAKAENFKDYYCNCHIIIH
Negative 685,MFTMKKSLLLVFFLGTIALSLCEEERGADDDNGGEITDEEIKRGILTDTLKGAAKNVAGVLLDKLKCKITGGC
Negative 686,MEIKYLLTVFLVLLIVSDHCQAFLFSLIPSAISGLISAFKGRRKRDLNGYIDHFKNFRKRDAELEELLSKLPIY
Negative 687,MDVRGPEAPGGRALRDAAENLFQELQEHFQALTATLNLRMEEMGNRIEDLQKNVKDLMVQAGIENSIKEQMLKT
Negative 688,MKTQIVILFISMIMLQMFVQIEGGFWGSLWEGVKSVVGKRGLRNLDDLDDLDLDHLFDSDVSDADLRLLKQMFR
Negative 689,MTVTLIIAALYLALAGAYLLVVPAALYLYLQKRWYVASSWERAFMYFLVFFFFPGLLLLAPLLNFRPRSRQIPA
Negative 690,MSNGTNIDVAGAINTLAETFGKLFQMQIDVANTALKALADVAEPLGKTATDLIGSFTGAATQVLQSVSSAIAPKK
Negative 691,MEKKIIFLVFLVALLALPGFISTEVIKKDTPYKKRKFPYKSECLKACATSFTGGDESRIQEGKPGFFKCTCYFTTG
Negative 692,MGRAMVVRLGLGLLLLALLLPTQIYCNQTSVAPFSGNQSISAAPNPTNATTRSGCSSLQSTAGLLALSLSLLHLYC
Negative 693,MQLVLAAKYIGAGISTIGLLGAGIGIAIVFAALINGVSRNPSIKDTVFPMAILGFALSEATGLFCLMVSFLLLFGV
Negative 694,MSFGFPTFSQNRFTEQYSGLCPIAPGRGAGLQPCRRDCPVARWLVADHPVFGSDCRCRMMVGVNRVRIGRHELTGA
Negative 695,MLIKVKTLTGKEIELDIEPNDRVERIKEKVEEKEGIPPPQQRLIFAGKQMNDDKTAADYKVLGGSVLHLVLALRGGF
Negative 696,MNLRLCVQALLLLWLSLTAVCGVPLMLPPDGTGLEEGSMRYLVKPRTSRTGPGAWQGGRRKFRRQRPRLSHKGPMPF
Negative 697,MLKKVVAAAAATGGLVLAGAGMAVADSGAQGAAVHSPGVLSGNVVQVPVHVPVNVCGNTISVIGLLNPAFGNVCINK
Negative 698,MNVKILTLVIVLVVSLLCSASAGPMASTEHSKEIEEVGSMRTPLRQNPARAGRSQRPAGWRRRRPRPRLSHKGPMPF
Negative 699,TCSHLPYDIADEYATETELPVSDAERDRLAHYFQLLITRLMNNEEISEEAQHEMAREAGIPEGRIDEIANFLNQWGNE
Negative 700,MIGILVTIINIFLGSKNNIILNPAHDIGPRIFLSLIGWGKIAFTGESNSYFPYFLIPIITPILGINLGGWIYKKFMSN
Negative 701,MGSINLRIDDELKARSYAALEKMGVTPSEALRLMLEYIADNERLPFKQTLLSDEDAELVEIVKERLRNPKPVRVTLDEL
Negative 702,MTAHSFALPVIIFTTFWGLVGIAGPWFVPKGPNRGVIITMLVATAVCCYLFWLIAILAQLNPLFGPQLKNETIWYVRFLWE
Negative 703,MQPIQIAIAALVVAIIIAIVVWSIVIIEYRKILRQRKIDRLIDRLIERAEDSGNESEGEISALVEMGVEMGHHAPWDIDDL
Negative 704,MIKVLFFAQVRELVGTDATEVAADFPTVEALRQHMAAQSDRWALALEDGKLLAAVNQTLVSFDHPLTDGDEVAFFPPVTGG
Negative 705,MLRQIIGQAKKHPSLIPLFVFIGTGATGATLYLLRLALFNPDVCWDRNNPEPWNKLGPNDQYKFYSVNVDYSKLKKERPDF
Negative 706,MSHSVKIYDTCIGCTQCVRACPLDVLEMVPWDGCKAAQIASSPRTEDCVGCKRCETACPTDFLSIRVYLGAETTRSMGLAY
Negative 707,MAFLKKSLFLVLFLGLVSLSICEEEKRENEDEEEQEDDEQSEMKRGLWSKIKEVGKEAAKAAAKAAGKAALGAVSEAVGEQ
Negative 708,MNREGAPGKSPEEMYIQQKVRVLLMLRKMGSNLTASEEEFLRTYAGVVSSQLSQLPQHSIDQGAEDVVMAFSRSETEDRRQ
Negative 709,MTDLFSSPDHTLDALGLRCPEPVMMVRKTVRNMQPGETLLIIADDPATTRDIPGFCTFMEHELVAKETDGLPYRYLIRKGG
Negative 710,METRAFWTTLLLVLVAGSSCKAQEFVGLSPSQCMVPANVRVDCGYPTVTSEQCNNRGCCFDSSIPNVPWCFKPLQETECTF
Negative 711,ITACLVLIGTVCAKEGYLVNKSTGCKYNCLILGENKNCDMECKAKNQGGSYGYCYKLACWCEGLPESTPTYPIPGKTCRTK
Negative 712,MATINVYVFAFIFLLTISVGSIEGRKLTKFTVTTSEEIRAGGSVLSSSPPTEPLESPPSHGVDTFRPTEPGHSPGIGHSVHN
Negative 713,MIHSSVKRWGNSPAVRIPATLMQALNLNIDDEVKIDLVDGKLIIEPVRKEPVFTLAELVNDITPENLHENIDWGEPKDKEVW
Negative 714,MSSTAAKKDVKSSAVPVTAVVEKKEFEEEEFEEFPVQEWAERAEGEEDDVNVWEDNWDDETHESEFSKQLKEELRKSGHQVA
Negative 715,MNAKTLFVVFLIGMLVTEQVEAGIWSSIKNLASKAWNSDIGQSLRNKAAGAINKFVADKIGVTPSQAASMTLDEIVDAMYYD
Negative 716,MNRLMILVFAAVFLALASADEDVDIAKRGIPCLCVSDGPSTRGNKLSGTIWMKTGGYGGNGCPKGWHFCGKSRGLLSDCCKQ
Negative 717,MALKTWLLCLLLLSLVLPGASSRAHQHSMETRTPDINPAWYTGRGIRPVGRFGRRRATPRDVTGLGQLSCLPLDGRTKFSQRG
Negative 718,MKGMIMLISCLMLIDVVVESKNGYIIEPKGCKYSCFWGSSTWCNRECKFKKGSSGYCAWPACWCYGLPDNVKIFDYYNNKCGK
Negative 719,MANVEIYTKETCPYCHRAKALLSSKGVSFQELPIDGNAAKREEMIKRSGRTTVPQIFIDAQHIGGCDDLYALDARGGLDPLLK
Negative 720,MKAAILLAFAGLALLSVICHASENVEQDSFEEVFSAIFAMEDDLKPKERVCRGYGLPCTPEKNDCCQRLYCSQHRLCSVKAGK
Negative 721,MATMENKVICALVLVSMLALGTLAEAQTETCTVAPRERQNCGFPGVTPSQCANKGCCFDDTVRGVPWCFYPNTIDVPPEEECEF
Negative 722,MDWRHKAVCRDEDPELFFPVGNSGPALAQIADAKLVCNRCPVTTECLSWALNTGQDSGVWGGMSEDERRALKRRNARTKARTGV
Negative 723,MKLIWSEESWDDYLYWQETDKRIVKKINELIKDTRRTPFEGKGKPEPLKHNLSGFWSRRITEEHRLVYAVTDDSLLIAACRYHY
Negative 724,MKGMILFISCLLLIGIVVECKEGYLMDHEGCKLSCFIRPSGYCGRECGIKKGSSGYCAWPACYCYGLPNWVKVWDRATNKCGKK
Negative 725,MPVPLLPMVLRSLLSRLLLPVARLARQHLLPLLRRLARRLSSQDMREALLSCLLFVLSQQQPPDSGEASRVDHSQRKERLGPQK
Negative 726,MAARVGAFLKNAWDKEPVLVVSFVVGGLAVILPPLSPYFKYSVMINKATPYNYPVPVRDDGNMPDVPSHPQDPQGPSLEWLKKL
Negative 727,MTTFEEAAQKVKEFTKKPSNDELLSLYGLYKQGTDGDCNISEPWAVQVEAKAKYNAWNALKGTSKEDAKAKYVALYEQLATKYA
Negative 728,MALSTRIQAACLLLLLLASLSSGAYLRQQTRQTTALQPWHGAESKTDDSALLMLKRRKRDTNFPICLFCCKCCKNSSCGLCCIT
Negative 729,MPYLLISTQIRMEVGPTMVGDEHSDPELMQQLGASKRRVLGNNFYEYYVNDPPRIVLDKLECRGFRVLSMTGVGQTLVWCLHKE
Negative 730,MNRTRLFACLLLAVLILVHESNAQCRRLCYKQRCVTYCRGRGKRSLDETNVGTSDVEKRAFDDSNVPSLVEERELEDEGSFIFD
Negative 731,MAYLKIVLVALMLVLGVSAMRLSDQEDQDVSVVKRAACKCDDDGPDIRSATLTGTVDFWNCNEGWEKCTAVYTAVASCCRKKKG
Negative 732,MAYLKIVLVALMLVLAVSAMRRPDQQDQDISVAKRVACKCDDDGPDVRSATFTGTVDLGSCNSGWEKCASYYTVIADCCRKPRG
Negative 733,MEKSQLESRVHLLEQQKEQLESSLQDALAKLKNRDAKQTVQKHIDLLHTYNEIRDIALGMIGKVAEHEKCTSVELFDRFGVNGSE
Negative 734,MNHLVMISLALLLLLGVESVRDAYIAKNYNCVYECFRDAYCNELCTKNGASSGYCQWAGKYGNACWCYALPDNVPIRVPGKCHRK
Negative 735,MELSSIKGMDNLEYTIKNNGNLSNRYYIVNLYSYKNNGYQEPKETLKFGNRDTDKNEWMHIEIYPSKVFMCINTFEGRKQVIHLTF
Negative 736,MPVGELVRRFGIHRTTVHRIAAQAGVAVRRRGLDEPGRREVARLYEQGMTLEEVAAELGVGDETVRSAVVACGGTIRSRGRRPATT
Negative 737,MIPLWINGIVLPLITAFWFKAGLSPIPHSLMQMWYIPFPFVTWIVSPAVSSMILLVILFIVGGLIYYPFFKVYDRNLVKQETENEA
Negative 738,MKCAVLFLSVIALVHIFVVEAEEEPDSDALVPQERACIPRGEICTDDCECCGCDNQCYCPPGSSLGIFKCSCAHANKYFCNRKKEKCKKA
Negative 739,MNDDEDRAQLKARLWIRVEERLQQVLSSEDIKYTPRFINSLLELAYLQLGEMGSDLQAFARHAGRGVVNKSDLMLYLRKQPDLQERVTQE
Negative 740,MGLEDEQKMLTESGDPEEEEEEEEELVDPLTTVREQCEQLEKCVKARERLELCDERVSSRSHTEEDCTEELFDFLHARDHCVAHKLFNNLK
Negative 741,MASLKKSLFLVLFLGLVSLSICEKEKRENEGNENEEEEENHEEGSEEKRGLLDLAKHVIGIASKLGKRSEEKRGLLDFAKHVIGIASKLGK
Negative 742,MSGVGEKASGTTKTPADFLKSIRGKPVVVKLNSGVDYRGILTCLDGYMNIAMEQTEEYVNGQLKNTYGDAFVRGNNVLYISTTKGTLSDGA
Negative 743,MIQRDIEYSGQYSKDVKLAQKRHKDMNKLKYLMTLLINNTLPLPAVYKDHPLQGSWKGYRDAHVEPDWILIYKLTDKLLRFERTGTHAALFG
Negative 744,MAYRGQGQKVQKVMVQPINLIFRYLQNRSRIQVWLYEQVNMRIEGCIIGFDEYMNLVLDDAEEIHSKTKSRKQLGRIMLKGDNITLLQSVSN
Negative 745,METIPKLMAAVVLLTVCLEGCSSQHWSYGLRPGGKRNTEHLVDSFQEMGKEEDQMAEPQNFECTVHWPRSPLRDLRGALERLIEEEAGQKKM
Negative 746,MGKRFSESAAKKAAGLARKRDQAHAKQRAQMEQLEAEEASKWEQGSRKENAKKLEEEQKRQEKARAKKERDALLTAEEEQLGKGGKGKRKMK
Negative 747,MSKVCIIAWVYGRVQGVGFRYTTQYEAKRLGLTGYAKNLDDGSVEVVACGEEGQVEKLMQWLKSGGPRSARVERVLSEPHHPSGELTDFRIR
Negative 748,MDSFFGLGDIYDNLQDFIEIYDERLPDGFIPIGIDSSGNAICVSINEDNSDNIYFWDHEEETENPNEMSNVFFLANNIEEFIDSFYEDEESI
Negative 749,MVLGKRGTISEEENRLFFSSFCMTKRKIFCPFYFYKMGRWRLPKANRHNPKGIKGESETSPFSSHIVIQERSALYYNVIACIIYGFIWSILL
Negative 750,THGGRLQMDSAESLHQSAVAGLGIATLPSYVINDDLRSGKLVQLLAEYAEAAEPIRVIYPSKRHLSPKIRLFIDKLVEAWSPCPPWEQHSDR
Negative 751,MDSLRKMLISVAMLGAGAGVGYALLVIVTPGERRKQEMLKEMPLQDPRSREEAARTQQLLLATLQEAATTQENVAWRKNWMVGGEGGAGGRSP
Negative 752,MKLLAATVLLLTICSLEGALVRRQAKEPCVESPVSQYFQTVTDYGKDLMEKVKSPELQAEAKSYFEKSKEQLTPLIKKAGTELVNFLNYFLEL
Negative 753,MNQEAASNLGLDLKLNISPSLDSSLLTESSSSSLCSEEAEGGGGEAKSMVVVGCPNCIMYIITSLENDPRCPRCNSHVLLDFLTGNHSKKSTS
Negative 754,MVYISNGQVLDSRNQSPWRVSFLTDFFWGIAEFVVFFFKTLLQQDVKKRRGYGSSSDSRYDDGRGPPGNPPRRMGRISHLRGPSPPPMAGGAGR
Negative 755,MYALAFDLKIEILKKEYGEPYNKAYDDLRQELELLGFEWTQGSVYVNYSKENTLAQVYKAINKLSQIEWFKKSVRDIRAFKVEDFSDFTEIVKS
Negative 756,GIPCGESCVFIPCITGAIGCSCKSKVCYRNHVIAAEAKTMDDHHLLCQSHEDCITKGTGNFCAPFPDQDIKYGWCFRAESEGFMLKDHLKMSITN
Negative 757,MNSKLTALIFLGLVAIASCGWINEEKIQKKIDEKIGNNILGGMAKAVVHKLAKGEFQCVANIDTMGNCETHCQKTSGEKGFCHGTKCKCGKPLSY
Negative 758,MTMDTAQLKSQIQQYLVESGNYELISNELKARLLQEGWVDKVKDLTKSEMNINESTNFTQILSTVEPKALEMVSDSTRETVLKQIREFLEEIVDTQ
Negative 759,MPKRKVSADGAAKAEPKRRSARLSAKPAPAKVDAKPKKAAGKDKASDKKVQIKGKRGAKGKQADVADQQTTELPAENGETENQSPASEEEKEAKSD
Negative 760,MLGNKRLGLSGLTLALSLLVCLGALAEAYPSKPDNPGEDAPAEDMARYYSALRHYINLITRQRYGKRSSPETLISDLLMRESTENVPRTRLEDPAMW
Negative 761,MKNNNHVFPAPRAETLSDMSLLAVLKRMGYTNLTQHGFRSTFREWAGETTGYQREVIEHALAHQLADKAEAAYQRGMLWPKRMALMDDWTGYNTANS
Negative 762,MEKRTPHTRLSQVKKLVNAGQVRTTRSALLNADELGLDFDGMCNVIIGLSESDFYKSMTTYSDHTIWQDVYRPRLVTGQVYLKITVIHDVLIVSFKEK
Negative 763,MAAEPLTELEESIETVVTTFFTFARQEGRKDSLSVNEFKELVTQQLPHLLKDVGSLDEKMKSLDVNQDSELKFNEYWRLIGELAKEIRKKKDLKIRKK
Negative 764,MFEQRVNSDVLTVSTVNSQDQVTQKPLRDSVKQALKNYFAQLNGQDVNDLYELVLAEVEQPLLDMVMQYTRGNQTRAALMMGINRGTLRKKLKKYGMN
Negative 765,MSEMEAVAYALDEHRSAPAAASTEAIRLTRREWQVAELVARGLTNRAIAENLFISVRTAQGHVEHVLTKLGFTSRAQIAAWVVSNAQESESRFSDHEQR
Negative 766,MVTLQVDSVYLERIIREEARALLIEEKEKSNQLIKEESKYMTRIEFLKYTNMSWNTIQKEFFFNEDFAPFRTLVNNKWRFDRVEATAYFDKWLKANKLA
Negative 767,MEASGSAGNDRVRNLQSEVEGVKNIMTQNVERILARGENLDHLRNKTEDLEATSEHFKTTSQKVARKFWWKNVKMIVIICVIVLIILILIILFATGTIPT
Negative 768,MSANQEEDKKPGDGGAHINLKVKGQDGNEVFFRIKRSTQLKKLMNAYCDRQSVDMNSIAFLFDGRRLRAEQTPDELDMEDGDEIDAMLHQTGGSGGGATA
Negative 769,MSDQEAKPSTEDLGDKKEGEYIKLKVIGQDSSEIHFKVKMTTHLKKLKESYCQRQGVPMNSLRFLFEGQRIADNHTPKELGMEEEDVIEVYQEQTGGHSTV
Negative 770,MERPDKAALNALQPPEFRNESSLASTLKTLLFFTALMITVPIGLYFTTKSYIFEGALGMSNRDSYFYAAIVAVVAVHVVLALFVYVAWNEGSRQWREGKQD
Negative 771,MTMNGIPVKLLNEAQGHIVSLELTTGATYRGKLVESEDSMNVQLRDVIATEPQGAVTHMDQIFVRGSQIKFIVVPDLLKNAPLFKKNSSRPMPPIRGPKRR
Negative 772,MNNNVEELLRRIPLYNKYGKDFPQETVTRFQMPEFKLPALQPTRDLLCPWYEECDNITKVCQLHDSSNKKFDQWYKEQYLSKKPPGIVGNTLLSPSRKDNS
Negative 773,MPQPEQLPGPNADIWNWQLQGLCRGMDSSMFFHPDGERGRARTQREQRAKEMCRRCPVIEACRSHALEVGEPYGVWGGLSESERDLLLKGTMGRTRGIRRTA
Negative 774,MKDLRTLAAYALALLLLATFVSHSWSAPKGSFQRRNWTPQAMLYLKGTQGRRFVSEDRNEGDLYDTIRLESRSQNTENLSISKAAAFLLNILQQARDEDEPY
Negative 775,MKHEMMNIKPRCITIFFLLFALLLGNYVVQASRPRSIENTVSLLPQVHLLNSRRRHMIGSTAPTCTYNECRGCRYKCRAEQVPVEGNDPINSAYHYRCVCHR
Negative 776,MSTGVPSGSSAATGSNRRLQQTQNQVDEVVDIMRVNVDKVLERDQKLSELDDRADALQAGASQFETSAAKLKRKYWWKNCKMWAIGISVLVIIVIIIIVWCVS
Negative 777,MNGKLGAVLALLLVSAALSQGRTLVKMGNELRCQCISTHSKFIHPKSIQDVKLTPSGPHCKNVEIIATLKDGREVCLDPTAPWVQLIVKALMAKAQLNSDAPL
Negative 778,MFKKGLLALALVFSLPVFAAEHWIDVRVPEQYQQEHVQGAINIPLKEVKERIATAVPDKNDTVKVYCNAGRQSGQAKEILSEMGYTHVENAGGLKDIAMPKVKG
Negative 779,MVTQLKSASEYDSALASGDKLVVVDFFATWCGPCKMIAPMIEKFAEQYSDAAFYKLDVDEVSDVAQKAEVSSMPTLIFYKGGKEVTRVVGANPAAIKQAIASNV
Negative 780,MQNSQDYFYAQNRCQQQQAPSTLRTVTMAEFRRVPLPPMAEVPMLSTQNSMGSSASASASSLEMWEKDLEERLNSIDHDMNNNKFGSGELKSMFNQGKVEEMDF
Negative 781,MAGKAHRLSAEERDQLLPNLRAVGWNELEGRDAIFKQFHFKDFNRAFGFMTRVALQAEKLDHHPEWFNVYNKVHITLSTHECAGLSERDINLASFIEQVAVSMT
Negative 782,MVKLIESKEAFQEALAAAGDKLVVVDFSATWCGPCKMIKPFFHSLCDKYSNVVFLEVDVDDCQDVAADCEVKCMPTFQFYKKGQKVGEFSGANKEKLEATITEFA
Negative 783,MTAKGDSVKAEPLPVGQLPLITAKGKSVQAEPRPAFKGYLTPNYGPSVPPLSLVSKPNSEQSNSKQAASQKKELPNTGAVDGLGFTLLGLIGLAAASRRRKATDGK
Negative 784,MSSSPLSSSLFHPLSTLSTHCHGRRQNLCFNRKQQPFVVRAAKLPEGVIVPKAQPKSQPAFLGFTQTAEIWNSRACMIGLIGTFIVELILNKGILELIGVEIGKGLDLPL
Negative 785,MGASGSKARGLWPFASAAGGGGSEAAGAEQALVRPRGRAVPPFVFTRRGSMFYDEDGDLAHEFYEETIVTKNGQKRAKLRRVHKNLIPQGIVKLDHPRIHVDFPVILYEV
Negative 786,MTIVDLKYGRGVKVFAEGNEQLQLYALAALQEFAGVEAFQHVRLVIVQPRLGHADEWVGTLPQMEDFRQKVAQGAARCRAAMWRYNNVGELPLEYFSPAETPCRFCQDGQ
Negative 787,MKLSCLLLTLTIIFVLTIVHAPNVEAKDLADPESEAVGFADAFGEADAVGEADPNAGLGSVFGRLARILGRVIPKVAKKLGPKVAKVLPKVMKEAIPMAVEMAKSQEEQQPQ
Negative 788,MADFSRLPGPNADLWDWQLLAACRGVDSSLFFHPEGERGAARSARENSAKEVCMRCPVRAECAAHALAVREPYGVWGGLTEDEREELMGRARNRLVAATASASAGGEAAGPH
Negative 789,MMKFVVFLACLFVAAHSFAVEGEEEYFEAEVPELERAKALPPGSVCDGNESDCKCYGKWHKCRCPWKWHFTGEGPCTCEKGMKHTCITKLHCPNKAEWGLDWRSEESERSPC
Negative 790,MATIRNLKIKTSTCKRIVKELHSYEKEVEREAAKTADMKDKGADPYDLKQQENVLGESRMMIPDCHKRLESALADLKSTLAELEETDEKEGPEIEDAKKTVADVEKQFPTEDA
Negative 791,MGGLEPCSRLLLLPLLLAVSGLRPVQAQAQSDCSCSTVSPGVLAGIVMGDLVLTVLIALAVYFLGRLVPRGRGAAEAATRKQRITETESPYQELQGQRSDVYSDLNTQRPYYK
Negative 792,MGATAGATSESTVERLGGRAAGWASCRSGSVRHGAIERTCTGAGDAGRRATPPPPPRAPSRAVARTMSRAAESCLAWARVSAVQPSIGIGAFREAMRRRASRAGRVTPRVLFA
Negative 793,MTLAAITLDPCETVQHDRYEGETLTPDALLSDVQASDYDLLVVPGGTCNVDRIRVNEDAITLAQEFAHEGKPIAAICHGAWLLVNAGLVAGKTAFPCRYTAADIKNAGGHYVDE
Negative 794,MSKINDINDLVNATFQVKKFFRDTKKKFNLNYEEIYILNHILRSESNEISSKEIAKCSEFKPYYLTKALQKLKDLKLLSKKRSLQDERTVIVYVTDTQKANIQKLISELEEYIKN
Negative 795,MAGAPTVSLPELRSLLASGRARLFDVRSREEAAAGTIPGALNIPVSELESALQMEPAAFQALYSAEKPKLEDEHLVFFCQMGKRGLQATQLARSLGYTGARNYAGAYREWLEKES
Negative 796,MLSCRLQCALAALCIVLALGGVTGAPSDPRLRQFLQKSLAAATGKQELAKYFLAELLSEPNQTENDALEPEDLPQAAEQDEMRLELQRSANSNPAMAPRERKAGCKNFFWKTFTSC
Negative 797,MAGIELERCQQQANEVTEIMRNNFGKVLERGVKLAELQQRSDQLLDMSSTFNKTTQNLAQKKCWENIRYRICVGLVVVGVLLIILIVLLVVFLPQSSDSSSAPRTQDAGIASGPGN
Negative 798,MKLVRFLMKLNNETVSIELKNGTIVHGTITGVDVSMNTHLKAVKLTLKGKNPVTLDHLSVRGNNIRYYILPDSLNLETLLVEDTPRIKPKKPTAGKIPAGRGRGRGRGRGRGRGGR
Negative 799,MSFCSFFGGEVFQNHFEPGVYVCAKCSYELFSSHSKYAHSSPWPAFTETIHPDSVTKCPEKNRPEALKVSCGKCGNGLGHEFLNDGPKRGQSRFAIFSSSLKFVPKGKEAAASQGH
Negative 800,MSESPSANISDADKSAITPTTGDTSQQDVKPSTEHINLKVVGQDNNEVFFKIKKTTEFSKLMKIYCARQGKSMNSLRFLVDGERIRPDQTPAELDMEDGDQIEAVLEQLGGCTHLCL
Negative 801,MAAEGEVIACHTVEDWTEKLKAANESKKLIVIDFTATWCPPCRFIAPVFADLAKKHLDVVFFKVDVDELNTVAEEFKVQAMPTFIFMKEGEIKETVVGAAKEEIIANLEKHKTVVAAA
Negative 802,MADMEIQSNKMSITEETQVQTRKECGKRGRKPGRKTSTEKLDMKAKLERSRQSARECRARKKLRYQYLEELVADREKAVVALRTELERLIQWNNQLSESNTPTNNDQLLQELGILKQE
Negative 803,MAGEGEVIACHTLEVWNEKVKDANESKKLIVIDFTASWCPPCRFIAPVFAEMAKKFTNVVFFKIDVDELQAVAQEFKVEAMPTFVFMKEGNIIDRVVGAAKDEINEKLMKHGGLVASA
Negative 804,MVDIVKRRDWEKKEKKKIAIERIDTLFTLAERVARYSPDLAKRYVELALEIQKKAKVKIPRKWKRRYCKRCHTFLIPGVNARVRLRTKRMPHVVITCLECGYIMRYPYLREVKQKRKKAT
Negative 805,MSKVIFALVLVVVLVACINATYVEFEEAYAPVDCKGQCTTPCEPLTACKEKCAESCETSADKKTCRRNCKKADCEPQDKVCDACRMKCHKACRAANCASECPKHEHKSDTCRACMKTNCK
Negative 806,MATEGDVELELETETSGPERPPEKPRKHDSGAADLERVTDYAEEKEIQSSNLETAMSVIGDRRSREQKAKQEREKELAKVTIKKEDLELIMTEMEISRAAAERSLREHMGNVVEALIALTN
Negative 807,MAAEEGVVIACHNKDEFDAQMTKAKEAGKVVIIDFTASWCGPCRFIAPVFAEYAKKFPGAVFLKVDVDELKEVAEKYNVEAMPTFLFIKDGAEADKVVGARKDDLQNTIVKHVGATAASASA
Negative 808,MEGALNAFPVSAEGKVCLDIGASTGGFTDCLLQHGAARVHAIDVGTNQLVWKLRQDPRVIVKEKFNARYMTPEDIGEQVDLIVSDVSFISLKKILPAAFPLLKKGGMPWCSSSPSLNSSRKI
Negative 809,MSERALRGTRLVVTSYETDRGIDLAPRQAVEYACEKGHRFEMPFSVEAEIPPEWECKVCGAQALLVDGDGPEEKKAKPARTHWDMLMERRTREELEEVLEERLAVLRSGAMNIAVHPRDSRKSA
Negative 810,MLKYLGKHLILELWGCDPKALDDIEGIEKMLVDSVKACGATLICVRTHKFSPQGATGVAVLAESHIAIHTYPEYGYAALDVFTCGEHTDPYKALEVIREFLKPKSIQIIDLKRGLMENGTFELK
Negative 811,MKALMLLTLSVLLCWVSADIRCHSCYKVPVLGCVDRQSCRLEPGQQCLTTHAYLGKMWVFSNLRCGTPEEPCQEAFNQTNRKLGLTYNTTCCNKDNCNSAGPRPTPALGLVFLTSLAGLGLWLLH
Negative 812,MSAPNPKAFPLADAALTQQILDVVQQAANLRQLKKGANEATKTLNRGISEFIIMAADCEPIEILLHLPLLCEDKNVPYVFVPSRVALGRACGVSRPVIAASITTNDASAIKTQIYAVKDKIETLLI
Negative 813,MSIGVPIKVLHEAEGHIVTCETNTGEVYRGKLIEAEDNMNCQMSNITVTYRDGRVAQLEQVYIRGSKIRFLILPDMLKNAPMLKSMKNKNQGSGAGRGKAAILKAQVAARGRGRGMGRGNIFQKRR
Negative 814,MAASRYRRFLKLCEEWPVDETKRGRDLGAYLRQRVAQAFREGENTQVAEPEACDQMYESLARLHSNYYKHKYPRPRDTSFSGLSLEEYKLILSTDTLEELKEIDKGMWKKLQEKFAPKGPEEDHKA
Negative 815,MELGAGGVVFNAKREVLLLRDRMGFWVFPKGHPEPGESLEEAAVREVWEETGVRAEVLLPLYPTRYVNPKGVEREVHWFLMRGEGAPRLEEGMTGAGWFSPEEARALLAFPEDLGLLEVALERLPL
Negative 816,MPKSKELVSSSSSGSDSDSEVEKKLKRKKQAVPEKPVKKQKPGETSRALASSKQSSSSRDDNMFQIGKMRYVSVRDFKGKILIDIREYWMDSEGEMKPGRKGISLNMEQWSQLKEQISDIDDAVRKL
Negative 817,MSDNEDNFDGDDFDDVEEDEGLDDLENAEEEGQENVEILPSGERPQANQKRITTPYMTKYERARVLGTRALQIAMCAPVMVELEGETDPLLIAMKELKARKIPIIIRRYLPDGSYEDWGVDELIITD
Negative 818,MSANTEAQGSGRGLEAMKWVVVVALLLVAIVGNYLYRDIMLPLRALAVVILIAAAGGVALLTTKGKATVAFAREARTEVRKVIWPTRQETLHTTLIVAAVTAVMSLILWGLDGILVRLVSFITGLRF
Negative 819,MSLLRNRLQALPALCLCVLVLACIGACQPEAQEGTLSPPPKLKMSRWSLVRGRMKELLETVVNRTRDGWQWFWSPSTFRGFMQTYYDDHLRDLGPLTKAWFLESKDSLLKKTHSLCPRLVCGDKDQG
Negative 820,MNFSGKYQVQSQENFEPFMKAMGLPEDLIQKGKDIKGVSEIVHEGKKVKLTITYGSKVIHNEFTLGEECELETMTGEKVKAVVKMEGDNKMVTTFKGIKSVTEFNGDTITNTMTLGDIVYKRVSKRI
Negative 821,MPKSFYDAVGGAKTFDAIVSRFYAQVAEDEVLRRVYPEDDLAGAEERLRMFLEQYWGGPRTYSEQRGHPRLRMRHAPFRISLIERDAWLRCMHTAVASIDSETLDDEHRRELLDYLEMAAHSLVNSPF
Negative 822,MTEADVNPKAYPLADAHLTKKLLDLVQQSCNYKQLRKGANEATKTLNRGISEFIVMAADAEPLEIILHLPLLCEDKNVPYVFVRSKQALGRACGVSRPVIACSVTIKEGSQLKQQIQSIQQSIERLLV
Negative 823,MAFTGKYEFESEKNYDEFMKRLGLPDEVIERGRNFKIITEVQQDGENFTWSQSYSGGNIMSNKFTIGKECEMQTMGGKKFKATVKMEGGKVVADFPNYHQTSEVVGDKLVEISTIGDVTYERVSKRVA
Negative 824,MKKVITYGTFDLLHWGHIKLLERAKQLGDYLVVAISTDEFNLQKQKKAYHSYEHRKLILETIRYVDEVIPEKNWEQKKQDIIDHNIDVFVMGDDWEGKFDFLKDQCEVVYLPRTEGISTTKIKEEIAGL
Negative 825,MNSSTALMCFALLLISPLCMGYSDEDREADNLRIAEIIKNAQDDDSKINSTQELLDIYRRLYPSLTPEERESIDKFVNEHTDAIIIDGVPIQGGRKARIVGKIVSPGVKGLATGFFEELGSKLAQLFTG
Negative 826,MKKLQIAVGIIRNENNEIFITRRAADAHMANKLEFPGGKIEMGETPEQAVVRELQEEVGITPQHFSLFEKLEYEFPDRHITLWFWLVERWEGEPWGKEGQPGEWMSLVGLNADDFPPANEPVIAKLKRL
Negative 827,MSSAPLLQRTPGKKIALPTRVEPKVFFANERTFLSWLNFTVMLGGLGVGLLNFGDKIGRVSAGLFTFVAMGTMIYALVTYHWRAAAIRRRGSGPYDDRLGPTLLCFFLLVAVIINFILRLKYNDANTKL
Negative 828,MSLPNSTTVLPFLARLWQETAEQGGNVSGLARKSQLRDDSKLEALYILMVLGFFGFFTLGIMLSYIRSKKLEHSHDPFNVYIESDAWQEKGKAVFQARVLESFRACYVIENQAAVEQPATHLPELKPLS
Negative 829,MISLASWQLLLLLCVASFGEPLAKMAPVVNPEPTGQQSGPQELVNAWQKGPRYAESKPGAAGLRARRTSPCPPVENPTGHQRPPCATRSRLIPAPRGSVLVQREKDMSAYNWNSFGLRYGRRQVARAARG
Negative 830,MAKAPKANTPKVTSTSSAVLTDFQETFKTSKRAYFAQIEKYPKLKLIDTFCFFLVLLGVIQCTFIILIRDNFPFNAFLAGFIICVGQFVLLMSLRLQLCNSFPGISKNRAFAEFIVASLILHFVCLHFIN
Negative 831,MKLQQNCDLELRLFPTSYDSDSSDTTSVVESTSSGNPQPNEESQRITIFYNGKMCFSSDVTHLQARSIISIASREMKTKSSSNGSDPPNKSTSFHHNQLPNPKASMKKSLQSFLQKRKIRIQATSPYHSRR
Negative 832,MKCPVCHQGEMVSGIKDIPYTFRGRKTVLKGIHGLYCVHCEESIMNKEESDAFMAQVKAFRASVNAETVAPEFIVKVRKKLSLTQKEASEIFGGGVNAFSRYEKGNAQPHPSTIKLLRVLDKHPELLNEIR
Negative 833,MSWQAYVDEHLMCEIEGQHLSAAAIVGHDGSVWAQSESFPELKPEEVAGIIKDFDEPGTLAPTGLFVGGTKYMVIQGEPGVVIRGKKGTGGITIKKTGMSLIIGVYDEPMTPGQCNMVVERLGDYLIEQGF
Negative 834,MALWVTAVLALACLGGLAAPGPVPRSVSLPLTLKELIEELSNITQDQTPLCNGSMVWSVDLAAGGFCVALDSLTNISNCNAIYRTQRILHGLCNRKAPTTVSSLPDTKIEVAHFITKLLSYTKQLFRHGPF
Negative 835,MVTLYTSPSCTSCRKARAWLEEHEIPFVERNIFSEPLSIDEIKQILRMTEDGTDEIISTRSKVFQKLNVNVESMPLQDLYRLINEHPGLLRRPIIIDEKRLQVGYNEDEIRRFLPRKVRSFQLREAQRLAN
Negative 836,MYKKDLNKSKIILLKGENGRKLVETSLIKNNYNISIIECYKKVFKIINNHVEIKKWRSYKINTLVVTSGELLKRLNEIVDISNKQEWLFKCKIFVVGNRLSRIAQKIGWRDIIISNYANNKNLLNIIKKYN
Negative 837,MDLPYYHGCLTKRECEALLLKGGVDGNFLIRDSESVPGALCLCVSFKKLVYSYRIFREKHGYYRIETDAHTPRTIFPNLQELVSKYGKPGQGLVVHLSNPIMRNNLCQRGRRMELELNVYENTDEEYVDVLP
Negative 838,MNHIVQTFSPVNSGQPPNYEMLKEEQEVAMLGVPHNPAPPMSTVIHIRSETSVPDHVVWSLFNTLFMNTCCLGFIAFAYSVKSRDRKMVGDVTGAQAYASTAKCLNIWALILGIFMTILLIIIPVLVVQAQR
Negative 839,ENGISPRAVWQFRSMIQCTIPNSKPYLEFNDYGCYCGLGGSGTPVDELDACCQVHDNCYTQAKELSSCRFLVDNPYTESYKFSCSGTEVTCSDKNNACEAFICNCDRNAAICFSKAPYNPENKNLDSKRKCA
Negative 840,MAKEFGRPQRVAQEMQKEIALILQREIKDPRLGMMTTVSGVEMSRDLAYAKVYVTFLNDKDEDAVKAGIKALQEASGFIRSLLGKAMRLRIVPELTFFYDNSLVEGMRMSNLVTSVVKHDEERRVNPDDSKED
Negative 841,MDVFMKGLSMAKEGVVAAAEKTKQGVTEAAEKTKEGVLYVGSKTSGVVQGVASVAEKTKEQASHLGGAVFSGAGNIAAATGLVKKEEFPTDLKPEEVAQEAAEEPLIEPLMEPEGESYEDSPQEEYQEYEPEA
Negative 842,MGLTYQLIPALVCLLAFTSTFVHGQNFNNTLKEIIKTLNILTARNDSCMELTVMDVLAAPKNTSDKEIFCRATTVLRQIYTHHNCSTKFLKGLDRNLSSMANRTCSVNEVKKCTLKDFLERLKAIMQKKYSKH
Negative 843,MADAFVGTWKLVDSKNFDDYMKSLGVGFATRQVASMTKPTTIIEKNGDTITIKTQSTFKNTEINFQLGIEFDEVTADDRKVKSLVTLDGGKLIHVQKWNGQETTLTRELVDGKLILTLTHGSVVSTRTYEKEA
Negative 844,MGLTSQLIPTLVCLLACTSNFVHGHKCDITLQEIIKTLNILTARKNSCMELPVTDVFAAPENTTEKETFCRASTVLRHIYRHHTCMKSLLSGLDRNLSSMANMTCSVHEAKKSTLKDFLERLKTIMKEKYSKC
Negative 845,MIYMLDTNIIIYLMKNRPKIIAERVSQLLPNDRLVMSFITYAELIKGAFGSQNYEQSIRAIELLTERVNVLYPNEQICLHYGKWANTLKKQGRPIGNNDLWIACHALSLNAVLITHNVKEFQRITDLQWQDWTK
Negative 846,MTEESTKENLGAPKSPTPVTMEKNPKREVVVTTGPLVSEVQLMAATGGAELSCYRCIIPFAVVVFITGIVVTAVAYSFNSHGSIISIFGLVLLSSGLFLLASSALCWKVRQRNKKVKRRESQTALVVNQRCLFA
Negative 847,MALQLGLFLIWAGVSVFLQLDPVNGDQDEGVSTEPTQDGPAELPEDEECVFPFVYRNRKHFDCTVHGSLFPWCSLDADYVGRWKYCAQRDYAKCVFPFIYGGKKYETCTKIGSMWMSWCSLSPNYDKDRAWKYC
Negative 848,MDTSYPREDPRAPSSRKADAAAHTALSMGTPGPTPRDHMLWSVFSTMYLNLCCLGFLALVHSVKARDQKMAGNLEAARQYGSKAKCYNILAAMWTLVPPLLLLGLVVTGALHLSKLAKDSAAFFSTKFDEEDYN
Negative 849,MKPRRPSCADSGSDSDSRDPEKFESAMRRRMAANARERKRMQGLNTAFDRLRKVVPQWGQDKKLSKYETLQMALSYIMALNRILSDAGRHVDPQKDWLNLQFDGLQTEGYFMHYDSPVESDCMLSSFSYHYESL
Negative 850,MSRFLIYFLPFFIYSGNVLSKTSCLMATGVLKCPTDPEAVKKVHIDLWDEDSLPLESDDLMGRTWSDRNGNFQVTGCASDFGPINTPDPYLYIQHNCPHRDSNATNPIQIDVIPLFLPSIVRLGNVYLDRYLEDY
Negative 851,MPVDFNGYWKMLSNENFEEYLRALDVNVALRKIANLLKPDKEIVQDGDHMIIRTLSTFRNYIMDFQVGKEFEEDLTGIDDRKCMTTVSWDGDKLQCVQKGEKEGRGWTQWIEGDELHLEMRAEGVICKQVFKKVH
Negative 852,MRLLHTMLRVGDLQRSIDFYTKVLGMKLLRTSENPEYKYSLAFVGYGPETEEAVIELTYNWGVDKYELGTAYGHIALSVDNAAEACEKIRQNGGNVTREAGPVKGGTTVIAFVEDPDGYKIELIEEKDAGRGLGN
Negative 853,MACGLVASNLNLKPGECLKVRGEVASDAKSFVLNLGKDSNNLCLHFNPRFNAHGDANTIVCNTKEDGTWGTEHREPAFPFQPGSITEVCITFDQADLTIKLPDGHEFKFPNRLNMEAINYMAADGDFKIKCVAFE
Negative 854,MKMIEVVAAIIERDGKILLAQRPAQSDQAGLWEFAGGKVEPDESQRQALVRELREELGIEATVGEYVASHQREVSGRIIHLHAWHVPDFHGTLQAHEHQALVWCSPEEALQYPLAPADIPLLEAFMALRAARPAD
Negative 855,MESGDYIDAQLAAEKVIVHEGKAVAYTSDVMYGLELLLRQVEYIGSVQGPISVKDLRRLHQDDFKLLQEKATELDALIAEALAARGDLKLMAEVAEGLQLALSSRFPISVTQAMPLRRLLRIYNKLKDMHNGPAT
Negative 856,MPPKFKRHLNDDDVTGSVKSERRNLLEDDSDEEEDFFLRGPSGPRFGPRNDKIKHVQNQVDEVIDVMQENITKVIERGERLDELQDKSESLSDNATAFSNRSKQLRRQMWWRGCKIKAIMALAAAILLLMIIILIVVKFRT
Negative 857,MRQRTIVCPLIQNDGAYLLCKMADDRGVFPGQWAISGGGVEPGERIEEALRREIREELGEQLLLTEITPWTFSDDIRTKTYADGRKEEIYMIYLIFDCVSANREVKINEEFQDYAWVKPEDLVHYDLNVATRKTLRLKGLL
Negative 858,MARARGRGRRDLKSEINIVPLLDVLLVLLLIFMATAPIITQSVEVDLPDATESQAVSSNDNPPVIVEVSGIGQYTVVVEKDRLERLPPEQVVAEVSSRFKANPKTVFLIGGAKDVPYDEIIKALNLLHSAGVKSVGLMTQPI
Negative 859,MSYMLPHLHNGWQVDQAILSEEDRVVVIRFGHDWDPTCMKMDEVLYSIAEKVKNFAVIYLVDITEVPDFNKMYELYDPCTVMFFFRNKHIMIDLGTGNNNKINWAMEDKQEMVDIIETVYRGARKGRGLVVSPKDYSTKYRY
Negative 860,MAAAVAAAGAGEPLSPEELVPKAEAEKAEEDLEEDDDDELDETLSERLWGLTEMFPERVRSAAGATFDLSLFVAQKMYRFSRAALWIGTTSFMILVLPVVFETEKLQMEQQQQLQQRQILLGPNTGLSGGMPGALPPLPGKI
Negative 861,DPDGCGPGWVPTPGGCLGFFSRELSWSRAESFCRRWGPGSHLAAVRSAAELRLLAELLNASRGGDGSGEGADGRVWIGLHRPAGSRSWRWSDGTAPRFASWHRTAKARRGGRCAALRDEEAFTSWAARPCTERNAFVCKAAA
Negative 862,MFACAKLACTPSLIRAGSRVAYRPISASVLSRPEASRTGEGSTVFNGAQNGVSQLIQREFQTSAISRDIDTAAKFIGAGAATVGVAGSGAGIGTVFGSLIIGYARNPSLKQQLFSYAILGFALSEAMGLFCLMVAFLILFAM
Negative 863,MNTISKLKQVMIEFDRPIPSRASLSEIEKFKEWAVENFGEKVPWEKDIPFLEEVNSIEFNGIFLYGIDPDDNYLDIIENNEIWHDVEENKKYLFLGDGDISWYVWDSEIDEFQELDKPSGEVYEVYDNLNDMLIAILEMAIP
Negative 864,MDVFMKGLSKAKEGVVAAAEKTKQGVAEAAGKTKEGVLYVGSRTKEGVVHGVTTVAEKTKEQVSNVGGAVVTGVTAVAQKTVEGAGNIAAATGLVKKDQLAKQNEEGFLQEGMVNNTGAAVDPDNEAYEMPPEEEYQDYEPEA
Negative 865,MPGVSVRDVAAQDFINAYASFLQRQGKLEVPGYVDIVKTSSGNEMPPQDAEGWFYKRAASVARHIYMRKQVGVGKLNKLYGGAKSRGVRPYKHIDASGSINRKVLQALEKIGIVEISPKGGRRISENGQRDLDRIAAQTLEEDE
Negative 866,MAASKVKQDMPPPGGYGPIDYKRNLPRRGLSGYSMFAVGIGALIFGYWRMMRWNQERRRLLIEDLEARIALMPLFQAEKDRRTLQILRENLEEEAIIMKDVPNWKVGESVFHTTRWVPPLIGEMYGLRTKEEMSNANFGFTWYT
Negative 867,GGGGGPAGGAEDLAELDQLLRQRPSGAMPSEIKGLEFSEGLAQGKKQRLSKKLRRKLQMWLWSQTFCPVLYAWNDLGSRFWARYVKVGSCFSKRSCSVPEGMVCKPSKSVHLTVLRWRCQRRGGQRCGWIPIQYPIISECKCSC
Negative 868,MKTKPKKGGADAMRRENGSATESSEDYLEVILVIRQESGRCRNVDIAERMGVTKPSVTKALARLSAQSLVKVVGRDVRLTQKGLCVARATLDKHEFFKRLLCDAGVDARLAAREACRMEHCLSEDSFQRLAAYLGNRRNEGDSR
Negative 869,MNGRVDYLVTEEEINLTRGPSGLGFNIVGGTDQQYVSNDSGIYVSRIKEDGAAAQDGRLQEGDKILSVNGQDLKNLLHQDAVDLFRNAGCAVSLRVQHRLPVQNGPIVHRGEGEPSGVPVAMVLLPVFALTMVAVWAFVRYRKQL
Negative 870,MLSVQPDTKPKGCAGCNRKIKDRYLLKALDKYWHEDCLKCACCDCRLGEVGSTLYTKANLILCRRDYLRLFGVTGNCAACSKLIPAFEMVMRAKDNVYHLDCFACQLCNQRFCVGDKFFLKNNMILCQTDYEEGLMKEGYAPQVR
Negative 871,MASKALVLLGLFAVLLVVSEVAAASSATVNSESKETVKPDQRGYGDNGGNYNNGGGYQGGGGNYQGGGGNYQGGGGNYQGGGGRYQGGGGRYQGGGGRYQGGGGRQGGGGSGGSYCRHGCCYRGYNGCSRCCSYAGEAVQTQPGH
Negative 872,MMISQLTLEEKRAIPKKFHTNLNNRDFDKQYELITDNIKFYKNGQLIQGADNFVNALRSITASFEDAQVADHEIYADGNVAVSRYVMSGSLTGDITFLDGTSASKTQKAFTYNSVEFFEFTEDGLVYEIRQVNDSGLTPLSIEAQVK
Negative 873,MEISRYLSIILLEDRIPQDLIDEIEYIYAEKDIKVGERIENLDLLTKNNMQVTFDYPYLKEVYIILEEVKKQESINDDTISRLEESNCYIDDSDTQEIIESIIAVARQYRNNKILKEEFIKENSSHYKTLEDNYTLSYISNLMQLEVRSK
Negative 874,MIMLLPLLMIVIPKMLGLPIAIVKSDAIEPTYSSGSLLFVKSVDAENLIVGEAITYFVNQGEQIYTRRIAAIDQNEQVMYTIGDIQDHMETTKIRKSQLLGQPLFHLPRIGHLVTSETVSIVKKLYLVFTIYITATTFLVMISQIKQGKRMVM
Negative 875,MYILEESYYSTDTKYICQLLYQTFEISVRFLDKNKNILHEYITNDIPNPFYSSKEEHLHELYLDDDPFNFPVIRTNNYLEIFLLIHLNHKKNTEGTFIIGPCIYSKPLEKMINRIINDCHVIANKHKVIDYYHSMPIIKKSTLIHVSTLLYYMIYF
Negative 876,MSVDNGVPDVVRLGPDDAGEILTLQRAAYVSEAILHDDLTLPPLVQTLDELTAELSDPDVTALGIRRDGRLVAAVRLRTRGDTAELGRLTVVPDLQGRGLGTRLLTAIDDHLPEEIDRVELFTGERSVANIGLYRRLGYIETRRENIGDYHLVFMCRRV
Negative 877,MKILPLAVNTLLCVGALLSPAFLASCREASERQDQIRFGLFPNVTHVQGLVARHFSRTREGWFEKRIFERTGKNISILWYAYNAGPSAMEAMFANSLDFTYVGPGPAINAYSKSNGTLLQIVAGAVQGGAGLVVPPHSGAWTQKDFQGKIIATPNWAILRI
Negative 878,MIYSIKQELYKLVHRKITWIAAIILFFLMLITGFALADESKKLILTLTFDSSDFIMFILVIVGATYSSMEFQNNTILTLLYKSSNKIYVYLSKYIVLFLYNVFLHLLALFYTICLQYTIFNYQVNWSASYLYHQPVWLNMVTASLIDLVTTMLIIAIFFTLVSN
Negative 879,MAPNASCLCVHVRSEEWDLMTFDANPYDSVKKIKEHVRSKTKVPVQDQVLLLGSKILKPRRSLSSYGIDKEKTIHLTLKVVKPSDEELPLFLVESGDEAKRHLLQVRRSSSVAQVKAMIETKTGIIPETQIVTCNGKRLEDGKMMADYGIRKGNLLFLACYCIGG
Negative 880,MSGIAAGRLAEERKHWRKDHPFGFIAKPVKNADGTLNLFNWECAIPGRKDTIWEGGLYRIRMLFKDDFPSTPPKCKFEPPLFHPNVYPSGTVCLSLLDENKDWKPSISIKQLLIGIQDLLNHPNIEDPAQAEAYQIYCQNRAEYEKRVKKEAVKYAAELVQKQMLE
Negative 881,MATSELSCEVSEENCERREAFWAEWKDLTLSTRPEEGCSLHEEDTQRHETYHQQGQCQVLVQRSPWLMMRMGILGRGLQEYQLPYQRVLPLPIFTPAKMGATKEEREDTPIQLQELLALETALGGQCVDRQEVAEITKQLPPVVPVSKPGALRRSLSRSMSQEAQRG
Negative 882,MEGHVKRPMNAFMVWSRGERRKLAQQNPSMQNSEISKHLGYQWKSLTEAEKRPFFQEAQRLKTLHREKYPNYKYQPHRRVKVPQRSYTLQREVASTKLYNLLQWDNNLHTIIYGQDWARAAHQSSKNQKSIYLQPVDIPTGYPLQQKQQHQQQQHVHLQQQQQQQHQFH
Negative 883,LKPLKPLKPLTTPETPGEPSAPGTPDQPELPEVPEQSEQPGTTEHPDTSDPNSGLTGANAGSSSQREQADTIVRPEFNGGLEKQVTTVFRDNLKLNTAERNEDGIDAKRYAKADTAKPEVTMAPVSHPASVAGELPQTSEQVNRFGLLGLMMLMVTGLASIVGIKRRQG
Negative 884,MNVRCTEQGGWCFALGESGASKKVNISTDGKRDFYLYPDTPDAGRIEQRPFRRGVVSVERGSDETLVQRMGEIHADGTPQEDNNVWIKRVGGKFSGSRSDYRVGGYGNRYWGFAGGFNRTGFGDKWIHYKGLMLRHLQSSYASEDYVGSGKILRQGGRCLFRLAQPGKQGLL
Negative 885,MSYYVIMNDFESSLMPRNLQDTVDERLQIDENWEIEGSSFSFPYRITDDACPERIYLLCNKNVGALKFDYYKKDFGHLMDKSLFSILENYKHNVIFDRDITPVSIGNGQVLRDDFKYVYFPGVDVIDEEKSILEDDKFGDIIPFKIELKNDAIEYDIFSFSGTLLGGFIIIKKKG
Negative 886,GFKFVYEGIEDANKIHKKADKVKEAKKSTKKASGAKVKIEIPKERLEHANLGDFTKNPKTGAISKMKGGGHGQDNIDFLRKQNIEVNIEKTYSNGVRVGNVPEHKTKSKQKGSNQSWFPKNWTAADIENAGQQIARLPEFAKVNDGEVIFGEVNGVRVGVIKTNGKIGTIFPDATRQP
Negative 887,MAKTAMAYKEKMKELSMLSLICSCFYPEPRNINIYTYDDMEVKQINKRASGQAFELILKPPSPISEAPRTLASPKKKDLSLEEIQKKLEAAEGRRKSQEAQVLKQLAEKREHEREVLQKALEENNNFSKMAEEKLILKMEQIKENREANLAAIIERLQEKERHAAEVRRNKELQVELSG
Negative 888,MSEYASSIHSQMKQFDTKYSGNRILQQLENKTNLPKSYLVAGLGFAYLLLIFINVGGVGEILSNFAGFVLPAYLSLVALKTPTSTDDTQLLTYWIVFSFLSVIEFWSKAILYLIPFYWFLKTVFLIYIALPQTGGARMIYQKIVAPLTDRYILRDVSKTEKDEIRASVNEASKATGASVH
Negative 889,MDVWCRWRLSLPLVLLSRREHAAKARGAPAIGGDRWRASAGAVAAGISARFADALFDMHVGLGALHSSGVRVLLDDTPTRRHADGSTVPSVYESIPVSPMQSRRLADSPIYRFASACRAAVPRPSGAERSIIGSRIHTTPTRRPPAVARPFEAARRRRHIRRASRPTAVHSLEAHRRRKP
Negative 890,MILDTDLGQLVRSDPSTVNSVLTDSQTGAVLLTPEIVSALNKLRRSLEDELKASHAPDQQPSSGGASPPRSGTAWPSFCSWASVVCDFIDWVRSDDFLKKPLVPPDVPYVDKLPQAKTWSSGLGEGACPSPTTLPIEFSGYKTSVEISYQPFCDFAGLIRPVVIVIATILAAYIAGGFRGVKNV
Negative 891,MSFAMLRPAAGRYLYPEISMLSEDEENGSESSGSDEKPFHLDADGFGIKAGKRRSGKKAGRLHREPRQRHTANARERDRTNSVNTAFTALRTLIPTEPADRKLSKIETLRLASSYISHLGNVLLVGEACGDGQPCHTSPAFFHHGGGGGSPPPRDSENSQPKQICTFCLSNQRKLSKDRDRKTAIRS
Negative 892,MDMQNENERLMVFEHARKVAEATYVKNPLDAENLTRWAGALLELSQFQTEPKQMILEAILKLGEALVIDPKKHDALWLIGNAHLSFGFLSSDQTEASDNFEKASQFFQLAVEEQPESELYRKSLTLASKAPELHTGGTAGPSSNSAKTMKQKKTSEFKYDVFGWVILASYVVAWISFANSQTPVSRQ
Negative 893,MPVKMKVSNQNEYNKFLEKRGNIFRYIDEAIENWYENSPKMQGGNYIYSDKVVILVHIITSLFRIGLRQTVGFIKGYLQQIGRDLAVISYSQASRRFKKLDIKINDCRVDKNNMEDIEIAIDSTSISIYNNTPGHSKENSTDRKYRGYEQTRKLHVMLNINSKKAIAVKYSNGLITMELVICLKKFMP
Negative 894,MTLKKKTYANFNKEFAKVFNSDNYLPENIFNTKFHNFFVYDMDYFYEETGWEWILQISSNNKVKNLFFTSATEKNSDYTIAEIPTSLEPKQILEQMDILENESEDKKNTFFLTFNEACLFSNVSNWGLYFVNEFNFVILALEEDFPEQNAFSHLESMTKEEFTKHFQEWSVWLEKDNLNFLKEFNKVFFTKN
Negative 895,MNLLLIIGSITCLALGLFSAPYIFMVALSAALVINYPKPKDQIAIINHHAPQALSMVAIILAAGAFLGIMSNGKMLEAIALDLAAVLPSHWVDNLHIVVGILGVPMDIFTSTDAYYFALLPIVQEVTASGGVHVADVVYAMAIGNNAGTFVSPFSPAAWLAMGLAGTDMGKHLRYSFGWIWLFSFFTLGVGTLLGLF
Negative 896,MKKFLLVAVISVFALVLTACGGSGSSSDKANGSGKAKDGGSLIIGVTGDPEVINPNYSSDRVTLTIQQAVYAPLFWESDGKPALAKSLDISDDNLTYTVKLKDGLTWHDGKPLTADDVVFTVDSILDTKQNSPNRGNFVFDDKPVKVEAVDDTTVKFTLPTVAPAFENTIKTFFPIPKHVFEGVANIEKSDKNKSPIGSG
Negative 897,MVTLAELLVLLAALLATASGYFVSIDAHAEECFFERVTSGTKMGLIFEVAEGGFLDIDVEITGPDNKGIYKGDRESSGKYTFAAHMDGTYKFCFSNRMSTMTPKIVMFTIDIGEAPKGQDMETEAHQNKLEEMINELAVAMTAVKHEQEYMEVRERIHRAINDNTNSRVVLWSFFEALVLVAMTLGQIYYLKRFFEVRRVV
Negative 898,MADTFERTSTTTQGSISDARAGEAKIAELEDQMNAIDQSAAGMHHAVQELQESSKQISVIAVSVQEIASQIKLLSLNATIEAARAGEHGKGFAVVAQEVSRLSEDTRTTVNRIADIVSKSKSITAEVVESINQVQGLTMQGKRQSEESSKLFSSILMSVQSSADRMMRAEKEMKLLSMTIGSIREATSEAAVSAENFKESTERM
Negative 899,MEIACLDLEGVLVPEIWIAFAEKTGIDALKATTRDIPDYDVLMKQRLRILDEHGLKLGDIQEVIATLKPLEGAVEFVDWLRERFQVVILSDTFYEFSQPLMRQLGFPTLLCHKLEIDDSDRVVGYQLRQKDPKRQSVIAFKSLYYRVIAAGDSYNDTTMLSEAHAGILFHAPENVIREFPQFPAVHTYEDLKREFLKASSRSLSL
Negative 900,MNALMDSEAQQMCGAGRNERGGGRENSRNGYRTRSLRTAVGDVELEIPKLRHGTYYPEGMLARWSRVDTSVAAIVQEMYVCGVSTRKVERVASKLGISSLSSSEVSSLCSGLDAEVAEFRRRDLSGTPCCYLWLDATYMSCRVGSSVVSQGVVTAIGLGADGRKHFLGCDVVDTESEDSWAAFLGGLRERGQARGLQGRRQGPRARRGLPG
Negative 901,MSQKDNLLDNPVEFLKEVRESFDIQQDVDAMKRIRHDLDVIKEESEARISKEHSKVSESNKKLNAERINVAKLEGDLEYTNEESNEFGSKDELVKLLKDLDGLERNIVSLRSELDEKMKLYLKDSEIISTPNGSKIKAKVIEPELEEQSAVTPEANENILKLKLYRSLGVILDLENDQVLINRKNDGNIDILPLDNNLSDFYKTKYIWERLGK
Negative 902,MVRGKTQMKRIENATSRQVTFSKRRNGLLKKAFELSVLCDAEVSLIIFSPKGKLYEFASSNMQDTIDRYLRHTKDRVSTKPVSEENMQHLKYEAANMMKKIEQLEASKRKLLGEGIGTCSIEELQQIEQQLEKSVKCIRARKTQVFKEQIEQLKQKEKALAAENEKLSEKWGSHESEVWSNKNQESTGRGDEESSPSSEVETQLFIGLPCSSRK
Negative 903,DYVLIGSSGEKLADPISYRDKRTLNAVQNLTSEYPREYIYKKTGIQFMELNTLFQLYVEEQGMLECAEKILLIPDYIGFVLTGVMVAETTNSSTTQMLNLREQLFDKDLLSHLNIDVEKFAPLTDAGTYLGKLKQDWLKMYDIPNCEVVTVATHDTASAVVGTPAEGENWAFLSSGTWSLIGMELSAPINNEAAFKENYTNEWGAYGTYRFLKN
Negative 904,MTAVNIWKPEDNIPREILAILSKPHPNYQLAFLNIIQLLKTQRRTGWVDHGIDPCESISDHMYRMGLTTMLITDKNVDRNKCIRIALVHDFAESLVGDITPNDPMTKEEKHRREFETVKYLCESIIRPCSESASREILDDWLAYEKQTCLEGRYVKDIDKYEMLVQCFEYEQKYNGKKDLKQFLGAINDIKTDEVKKWTQSLLEDRQAFFDSLKE
Negative 905,MFAAPKYPHFREEKRHGFDPGLAAPPRRHTYFKGYFQTEQYFLHCREQLCREFRLKTPLTPENARILEDIRSCCSISLHIRRTDYLSNPYLSPPPLEYYLRSMAEMEGRLRAAGAPQESLRYFIFSDDIEWARQNLRPALPHVHVDINDGGTGYFDLELMRNCRHHIIANSTFSWWEAWLNEHAEKIVIAPRIWFNREEGDRYHTDDALIPGSWLRI
Negative 906,MGMENYNPPQEPWLVILYQDDHIMVVNKPSGLLSVPGRLEEHKDSVMTRIQRDYPQAESVHRLDMATSGVIVVALTKAAERELKRQFREREPKKQYVARVWGHPSPAEGLVDLPLICDWPNRPKQKVCYETGKPAQTEYEVVEYAADNTARVVLKPITGRSHQLRVHMLALGHPILGDRFYASPEARAMAPRLLLHAEMLTITHPAYGNSMTFKAPADF
Negative 907,MASATDSRYGQKESSDQNFDYMFKILIIGNSSVGKTSFLFRYADDSFTPAFVSTVGIDFKVKTIYRNDKRIKLQIWDTAGQERYRTITTAYYRGAMGFILMYDITNEESFNAVQDWSTQIKTYSWDNAQVLLVGNKCDMEDERVVSSERGRQLADHLGFEFFEASAKDNINVKQTFERLVDVICEKMSESLDTADPAVTGAKQGPQLSDQQVPPHQDCAC
Negative 908,MAILFAVVARGTTILAKHAWCGGNFLEVTEQILAKIPSENNKLTYSHGNYLFHYICQDRIVYLCITDDDFERSRAFGFLNEVKKRFQTTYGSRAQTALPYAMNSEFSSVLAAQLKHHSENQSLDRVTETQAQVDELKGIMVRNIDLVAQRGERLELLIDKTENLVDSSVTFKTTSRNLARAMCVKNVKLTAIIVVVSIVFIYIIVSPLCGGFTWPSCVKK
Negative 909,MVEFTDQLYQLVSDLWIKSEKQPFIIELQSGELPLAKFRFYLLQDRYYLSEFAKIHQLIAEQTTDLNIKNFVLASAEDLQESEVEVRKQFFKELNITDDEVDTTIVAPTAYAYVNHLYLTLQRDGLEAVLCAIAPCYWLYQEIGHKMAKVGSPVKYYQEWIDTYDSDWYAVNVKKLLALINQFATNVSKKELAKMKDAFLRSSYYELRFWQMAYNQEEWK
Negative 910,MRANYPEVELIVLLLDERPEEVTDFEETVDAPVFASTFDEPSRRHAQVSDLVIERAKRLVEMGRDVVILLDSLTRLARGYNANQTGGRIMSGGLGSNALEKPRKFFSAARNVEEGGSLTIIATCLVDTESRMDEVIFEEFKGTGNLEIRLDRELSERRIYPAISLSQSGTRNDDRLYNEQEFVKIMQLRRQLAMKPGWEGLQALLQNISKTQNNAELLLTGLR
Negative 911,MSNHCLLCMNQLTISISWRSLFIKPQQQNICASCRHKLEVIGADVCRKCGRPQEIGGEICPDCERWTKSGADYLAKNIACFTYNEFAKDLMALYKYRGDYAIAAVFSGELIKRWSYIAKEVTIPLPISAERRTERGFNQTEGLLKLANIPFTTQLKREHTEKQSKKTRRERIDQEQYFFVEERDTVASKEVLLIDDIYTTGATLHLAAEALMKSGAKSVSSITIFR
Negative 912,NMRDVNVRGFVYHERSRDQVLNSLYQILKERKQALTEQASKQEKLYFTPHYVVLITDEKLVLDHTVMEFFNEDPSELGVSLVFVQDVMESLPEHVKTVVDIRDAKSGNIILEQGDLVNRAFIPDHLPVDFDKEVISRALAPLNHLQNLKNSIPESVTFLEMYGVERVEELNIAGRWAKNETYKSLAVPLGLRGKDDIVQLNLHEKAHGPHGLVAGTTGSGKSEIIQSYII
Negative 913,MIKIFPIELKESVFKILVLYLKTDSISVICKELNKKFNMSPNFFKDLPIVIDIKKLSNINNWNNIIKLIISFNFHIIGVSGCYNNVLKNIIIKSGLLVLSEETKSFSFLNKYRFNNVSVISKNNKKTKIIDFPIRSGQKIYANNSDIIVTNNVNSGAEIIADGNVHIYGSMRGRVLAGAKGDITCQIFCMKFFAELISISGEYLLSDQISPDCIGNSVKIYIKNKKLNILKLN
Negative 914,MSPADPSPRLLARPPASPAAVAEAFEAAWNAADADALADLFAEDADFVTVLGVWWTRRRQIRLDHARAFRWMFPESRLEMDEVRVRDLGDVAVVHAPWTMTGPGVGGEVGEATGTVGVREAGGDGSGGGDGERTGVLLLVVRRDEAGAWEVVAAQNTDRSPEPRPRPADEDDLLAEVHPHPSAWLHPDDDGPASRLSARPRLGWAVHEPVPPLPLPNSPSPPLPLPQGELSCRWPV
Negative 915,MKKIGLIGGITPESTILYYRILNELNARNLGKPHSAKVIINSLDFGQISKLQKEGRWDLLDQLMADAGKSLEKSGATCILICVNTMHLCIDAVKKAVNIPVLHIAEATSKNIIEKKIKKVALLGTKYTMEKDFFIDVLTSFGIEAMIPNAKEREVIHNVIYEELSIGNVNPVSKERYLKIVKRLIKGGAEGIVLGCTEIPLLIYQEDISVPVFDTTRIHATAAFNLSTKNQQQQQQQQ
Negative 916,MMKKMWYVCTAIAVVVLTLYFVQFVLVELPFFSTDQSDWGSFGSYASGTLGPLFAFLAYLGIREQISQQRDTIIKQQEQKALDEHLNRIRETFEKLSIQSQSSVLPLEKFCDITLDKTTKYQLSRQLTNVDTFTIIEDIIDAGRLLQGAEFVYKNYLHLIEQSVEHLDIECPLNEHKWVATTTWRGFQKSAMFINILALKALRDVVIINQEMFSNEHRELLIYTSAYERWAKHWERLGLGF
Negative 917,MFYRIIPFLVLLLFCPTVRADIPALTSHLLDDGGQTWSVSVQTLVFLTSLTFLPAFLLMMTSFTRIIIVFGLLRNALGTPYAPPNQILLGLALFLTFFIMSPTFDEIYKDAYIPFSQEKINMEDAIIKGSSPLKKFMLNQIRIPDLELFSKLAHISSYENKNDIPMRILLPAFITSELKTAFQIGFTIFIPFLIIDLVIASVLMALGMMMVPPSTISLPFKLMLFVLVDGWQLLITSLAQSFHT
Negative 918,MAKTEGLAGATNGGATLAIPTVSELWQGGVPAWMPTESHEPFSPDQLAAIARYEADLAVQLAAKPRRFRHSLSVGLTAERLATRYGVDPYLARVAGILHDWSKALPHEELVRRSRELGIDLGVDYALVEPLLHGMVAARELPKRYPGLPHAVWQAIDRHTLGNAHMSPLDMVVFVADGIEPLRGTIPALERQRALVATTSLADLFWASFADGVGYVISTRRYLYPGTLDIYNDIVLARRAGAEKEHA
Negative 919,MVLKISIITVCYNSVETIRDTIESVLSQQYPDIEYIIVDGASKDGTLELISEYGGRISKVISESDKGIYDAMNKGVQAATGDFVGILNSDDVFAGSDVIQNLVAHLQNNPSADAVYADLVFVQRKEMDVVTRRYSSSGFSPWKVRFGFMIPHPTFYARRELFDKYGSYKLGYRVSADFELMARFMSKGVKMVRHSAVMVKMREGGISTTGFWWRIHQNLEIVRACRENGIYTNILLVAMKVPFKLASYFK
Negative 920,LAVSGLPSSNRGVSEFRNSDGTLTVIIDWFSASVDLFAVLRQVGYLDRDDAEEVRQWSDACAENAMVIAINLFTFFFAGLGMELDKQAGPGSFYTWRVRVLDREGKHVGIIEFGGEECRRKDGTYTARIELTGAGCGMVSAARCGHAKRWLELRAKLESCAGRLTRVDTAADDLLGKYPLKLAQTWYSSGEFDNRGQRPKAQLIDDYDSGDGKTLYVGTKKSEKQLRVYEKGREQGDKESPWVRYEAQFKAS
Negative 921,MTSMSLLAAVYSGRREVSIDGCHEVQNIAVAAALDGGQAAPSAHGAVQFTDRKLMDKLHAERNVEWQTTSVSRRDRESRQAHGALAVWLTGLPGAGKSTLAIEAERCLHQAGKRTYVLDGDNLRHGLCRDLGFSADDRAENIRRAGEVARLFVDAGVIVLSAFISPFRFDRAKVRALFDAGDFIEVYCDCDPRICEIRDVKGLYRRARAGLISEFTGISSPYEPPRHPDVYVNTGKESLDACVDRIVRRVLHSLR
Negative 922,MYQAFGRALDHLGEPRFWRLLILFLNEMVPFDNALATALGRDGAPVVLDEYDTGGASGPSPVPLYLNGLYLLDPFLQAAHDGLADGCYRLEEVAPDLFRQSEYFLSYFRDAVGEDELQIIVRTRPDEMLSLSLGAHARFDTDTLGRLAACSPWLLAAIRQHRRLQGDASRARASDDLAERVERALASFGAPLLTEREMAIARLVLRGNSSKAIAERLAISPETVKVHRRHLYSKLGISSQPELFSLFLQALGHDAPR
Negative 923,MKAIRIKLWQDLVNYKKATSFQLKETYPLPPYSTVIGMVHAMCGFTSYHPMEISVQGKYFSKVNDLYTRYEFNNDKYDKKRHQLNANGHGINRGVATAELLVDLELLLHIVPDDQSLVEEIAQAFEVPREFPSLGRREDIATIQEVKIVSLEKNVRFKKNISVEPGYGAYIPAKDVEEGLIIFGQDDDGVVGRRNALGTRYLLTSTYELINRGTAKAPKMFRNWQKIDTFYATDISVSAMKTYSKDEDDKLVFIRMKKD
Negative 924,MKLLLEAILLRYQHDFRDYSVASLRRRMLQAMERFGCTSLSQLQDRILRTPAMFAQLLQFFTVQVSEMFRDPAYFRAVREKVVPVLHTYPSIKIWVAGCSSGEEVWSLAILLEEEGLLERSMIYATDINVEALAAAEAGIYSVERIAQFSENYQRAGGKRSLSDYYTAAYKGAIFDRRLRRQFVFADHSLATDSVFSEVHMVSCRNVMIYFNKDLQDRCLGLFHEALVHRGFLGLGMKESLHFSRHGRSFNELSAVERIFQRA
Negative 925,MLLLTRSPTAWHRLSQLKPRVLPGTLGGQALHLRSWLLSRQGPAETGGQGQPQGPGLRTRLLITGLFGAGLGGAWLALRAEKERLQQQKRTEALRQAAVGQGDFHLLDHRGRARCKADFRGQWVLMYFGFTHCPDICPDELEKLVQVVRQLEAEPGLPPVQPVFITVDPERDDVEAMARYVQDFHPRLLGLTGSTKQVAQASHSYRVYYNAGPKDEDQDYIVDHSIAIYLLNPDGLFTDYYGRSRSAEQISDSVRRHMAAFRSVLS
Negative 926,MKETEKIEIMHFDQEGYLEDGEALYETGKKMTALADKVADEGYDAVFLMGVGGTWDELMQLEYLMNKFGDRDLEVYLIHAAEWNVMGHKRMTEKSVVLTASESGTTPEVLEAVKKMKEKGIRVYAMTKPEGLIGRAVGAENCVAMASDHGSGGCEKGYYLADCFGLRLLNRRGCFPKFDLFIEQTKDIWKDMLDIRKRFEPRAEELAKKYALAPYTMFIGSGALWGETILFSMCILEEMQWKRTRYITSADFFHGTLELVEPGVPVF
Negative 927,MKVVFTFFNLFFLAGTVLLLIFTVLSGSSKHFPLNKFYWLEADTSGIKNAPANRSAWTFWGVCDKADYSNCLLGPAYPISPEDNFGTTADIPKDFVDNENTYYYLSRFAFAFCLIALAFSGLAFIIDILGFCFEIIDKVVIFLITIGLLFLAGFASLQTAVVVLAKNAFKNDGRYAHIGAKSMGIMWAAFACLLICWLLIFAGTISNSYKKHIARVKAEQGQYSQPTHGPAGDESSFTRAAPPTKDEENTGGIRFFKIKRNQKVSDDESV
